store_id,app_name,review_no,review_id,reviewer,reviewer_url,review_date,review_datetime,review_rating,review_title,review_text,app_version,vote_sum,vote_count,review_page
858266085,지니뮤직 - genie,1,14567750365,(∂ ºㅁº).....,https://itunes.apple.com/kr/reviews/id1712607565,2026-09-19,2026-09-19 19:29:43,1,..,없는 노래가 좀 많네요 그리고 사람들이 노래 문의 하지 않게 유명한 노래는 좀 넣어두면 되는데 왜 없는게 좀 많네요^사용자들이 힘들게 하나하나 문의해서 노래를 추가해야하나보네요 문의해도 바로 넣어 줄것도 아닐텐데 번거롭네요^^,6.1.4,0,0,1
858266085,지니뮤직 - genie,2,14559812861,콩ee,https://itunes.apple.com/kr/reviews/id963998458,2026-09-17,2026-09-17 19:17:54,1,제발 재생목록 수정 부탁드립니다,"재생목록에서 편집 누른 상태면 노래 목록 선택해도 안 바뀌게 못하나요? 재생목록 편집하려고 노래를 선택했는데 듣던 노래가 바뀌어서 화가 납니다. 편집 기능에선 편집만 가능하게 하고 재생에서는 재생믄 가능하게 해야죠ㅠ

그리고 편집 상태에서 노래 여러개를 한꺼번에 아래로 내리는 기능은 왜 사라졌나요?
일일이 재생목록 내 노래를 하나식 드래그하면서 끌어당기려니까 현타가 옵니다...
노래 여러 개를 다중선택 후 한 칸씩 아래로 내리는 기능인 ‘아래로’ 기능이 분명 있었는데 사라졌네요. 복구 부탁드립니다

그리고 제애에에발 타임머신 기능 복구 안되나요?
저 18년부터 쓰던 앱인데 타임머신 기능 없어진 이후로 전에 들었던 노래가 뭔지도 모르겠고 너무 찾고 싶은데 찾을 방법이 없어요

그리고 날짜별 들은 노래 바탕으러 최신 노래 추천은 왜 있는지 모르겠어요. 어제 오늘 내일 다 똑같은 플레이리스트 추천해주면 그냥 기능 없애는 디 더 나은 거 아닌가요?",6.1.4,0,0,1
858266085,지니뮤직 - genie,3,14558470537,뀨을,https://itunes.apple.com/kr/reviews/id1047519367,2026-09-17,2026-09-17 09:18:59,4,좋아요 목록이 제멋대로 업데이트,제가 좋아요를 해제했다가 다시 누른 적이 없는데 예전에 좋아요 누른 곡이 자꾸 맨 위로 올라와있어요.... 왜 이런 걸까요? ㅠㅠ,6.1.4,0,0,1
858266085,지니뮤직 - genie,4,14558328128,latefornothing,https://itunes.apple.com/kr/reviews/id1854205861,2026-09-17,2026-09-17 08:21:33,5,퍼즐게임돌려주세요ㅜㅠ,앨범이나 노래 사진 쭈우우욱 내리면 퍼즐게임같은거 할수잇는 이스터에그 잇엇는데 왜 없어졋나요..ㅠㅠㅠㅜㅠㅠ 정말 재밋게 잘쓰고잇엇는데 힝,6.1.4,0,0,1
858266085,지니뮤직 - genie,5,14541419938,귀요미꼬미,https://itunes.apple.com/kr/reviews/id1538532960,2026-09-13,2026-09-13 00:19:26,5,다 좋은데,노래 랜덤으로 나오게 해주는 기능 넣어주세요 제발제발제발ㅠㅠㅠㅠ,6.1.4,0,0,1
858266085,지니뮤직 - genie,6,14540962718,공부 안 하는 중딩이,https://itunes.apple.com/kr/reviews/id1778233440,2026-09-12,2026-09-12 22:13:31,5,사별 내놓으세욧 아ㅠ 진짜 제발,"아 제발…    Shannon의   死別…아 제발..내 최애곡…….진짜ㅏ아아ㅏ아아아아ㅏ아아아아ㅏ 제발요 ㅠㅠㅠㅠㅠㅠ 제발 그거 넣어주세요…으흐흐흐흑 듣고싶은데 
없어!!!!!!!!!!!!!!!!!!!!!!!!!!!!!!!!!!!!
아 나머지는 진짜 버그도 없고좋은데..!!!! 사별이 없다고요오오오오오 
그 뭐냐 크레이터 응원보내는거에 사별 내달라고 난리라고요오 ㅠㅠㅠㅠㅠ
아 제발 무슨일이 있어도 내주세요",6.1.4,0,0,1
858266085,지니뮤직 - genie,7,14540623127,카식이팬💜아미,https://itunes.apple.com/kr/reviews/id1394163781,2026-09-12,2026-09-12 20:27:18,4,엇,"노래에 막 응원댓글이 아니라 다른 이야기나 욕을 하네요... 특히 NO BATD어쩌구 노래에 많네요... 제발 응원글만 쓰라고 해주시면 안돼나요??? 끄아악 욕 엄청 많고 이게 단체톡방인지 응원글방인지... 너무 모르겠네요. 댓글이 1000개 넘어서 들어가봤더니 이렇게나 많은게 맞나요? 진짜 너무 많아요... 그리고 로그아웃 버튼 누르면 바로 되는거 좀 불편하네요;
노래도 신곡 빨리 안나오고... 그래도 좋아용♥︎ 댓글만 빼면",6.1.4,0,0,1
858266085,지니뮤직 - genie,8,14539138545,중1 유정,https://itunes.apple.com/kr/reviews/id1800897511,2026-09-12,2026-09-12 10:30:42,5,AI DJ 개선 부탁드립니다.,잘 사용하고 있습니다. 그런데 Ai 디제이가 무드에 맞는 노래 추천을 잘 해주지만 내가 가사의 일부만 아는 노래나 유튜브에서 본 노래를 찾아달라고 부탁하면 그 노래를 찾아주는게 아니라 그 노래와 비슷한 분위기의 노래를 찾아주겠다고 하고 전혀 다른 노래를 보여주어서 불편함이 조금 있습니다. 개선 부탁드립니다.,6.1.4,0,0,1
858266085,지니뮤직 - genie,9,14528947904,ㅇ어아ㅏ아아아앙아아앙아아앙,https://itunes.apple.com/kr/reviews/id1830752242,2026-09-09,2026-09-09 21:18:53,5,정말좋은 데,2배속왜안됌? 지니랩에서 배속하는 거했는데 가사스와이프 하면 돼는 거라고 써있던데 난 안돼 참고 난 아이폰,6.1.4,0,0,1
858266085,지니뮤직 - genie,10,14513311685,Whdisnwk,https://itunes.apple.com/kr/reviews/id1610202960,2026-09-05,2026-09-05 21:06:24,5,❤️❤️,플레이리스트 순서가 램덤으로 적용되는데 이거 압데이트한건가요?? 오히려좋습니당,6.1.4,0,0,1
858266085,지니뮤직 - genie,11,14507470294,ㅇㅇㄹㄹㅁ 유 ㅎㅇ,https://itunes.apple.com/kr/reviews/id935367769,2026-09-04,2026-09-04 08:27:54,5,로그인,페이스북 로그인 왜 안될까요..,6.1.4,0,0,1
858266085,지니뮤직 - genie,12,14503501660,🍙!!!!!!!,https://itunes.apple.com/kr/reviews/id1845596222,2026-09-03,2026-09-03 07:47:43,5,간편,"정말 좋더라구요 근데 몇번씩 로그아웃이
되더라고요",6.1.4,0,0,1
858266085,지니뮤직 - genie,13,14493529028,빠담빠,https://itunes.apple.com/kr/reviews/id238729579,2026-08-31,2026-08-31 20:40:19,5,메트로놈 120bpm 이하도 설정할 수 있게 해주세요,"런닝할 때, 45 or 90 bpm으로 설정하는데 추가해주세요.",6.1.4,0,0,1
858266085,지니뮤직 - genie,14,14490335441,7I메,https://itunes.apple.com/kr/reviews/id732358362,2026-08-31,2026-08-31 00:29:05,1,하..,아니 전에 앱 지우면 재생목록에 있는 거 다 날아가길래 앱도 안지우고 몇년동안 잘 써왔는데 갑자기 로그아웃 시키더니 하루아침에 재생목록에 있는 800개 가량 곡들을 다 날림 미친건가 ㅋㅋ 그냥 다들 갈아타세요 ㅈㅂ,6.1.4,0,0,1
858266085,지니뮤직 - genie,15,14489584690,에휴😥,https://itunes.apple.com/kr/reviews/id1404790083,2026-08-30,2026-08-30 20:44:04,1,아니 제발….,"아니 진짜 Marshmellow, Bastille Happier 제발!!!!!!!!!! 진짜 지니빼고 다있어서 갈아탈가 생각중이다 제발 좀 넣어줘라",6.1.4,0,0,1
858266085,지니뮤직 - genie,16,14466538783,이히히히히힣ㅎㅎ,https://itunes.apple.com/kr/reviews/id1156925723,2026-08-24,2026-08-24 22:57:05,5,잘보이라고 5점줌;; ㄹㅇ 빡쳐서;;,"아니 노래가 좋아서 댓글을 쓰는데 뭔 금칙어가 들어있습니다. 이러니까 어떡하라는건지;;; 하나하나 다 고쳐봐도 금칙어있다고하고 지워봐도 금칙어 있다고하고 이럴꺼면 왜 막히게 한거임?? 욕설이나 성관련 단어는 왜 안거르고?? 중간에@,/,;,이런거 붙이면 다되나? 칭찬하는건 안되고? 왜? 내가 한번이면 이해하는데 여러번 이러니까 진짜 빡치지;; 심지어 타 앱에선 있는곡이 여기선 눈곱만큼도 찾아볼 수 없고;; 다 짭들,리믹스, 다른 사람이 부른것들이고 ai는 내가 원하는걸 안찾고 꼭 뭔갈 추가해서찾고 이럴꺼면 내가 찾는게 더 편하지 내가 지니를 안쓰고싶어도 사정이있어서 지니를 쓰는데 진짜 어떻게든 다른거로바꾸고싶다;;; 진짜 제발 어떻게든, 한 게라도 수정했으면 좋겠다.",6.1.4,0,0,1
858266085,지니뮤직 - genie,17,14465472907,빈진빈진,https://itunes.apple.com/kr/reviews/id1072129397,2026-08-24,2026-08-24 16:24:45,5,좋은데 제발 좀 고쳐주세요,2년째 쓰고 있어요 근데 플레이리스트를 듣다가 끄면 노래가 들었던 노래에서 멈춰야 하는데 맨 처음 노래로 돌아가거든요? 제발 좀 고쳐주세요 제발요 미치겠어요 내가 들었던 노래로 다시 돌아가야 하니까 열받는다고요 5점 안 주면 안 읽을 것 같아서요,6.1.4,0,0,1
858266085,지니뮤직 - genie,18,14461553414,ARMY_탄지로짱,https://itunes.apple.com/kr/reviews/id1499781299,2026-08-23,2026-08-23 15:57:50,5,좋긴 한데…,없는 곡이 꽤 많아요 ㅠㅠ,6.1.4,0,0,1
858266085,지니뮤직 - genie,19,14457827151,19좀 풀어라라라라라라라라랄라라라,https://itunes.apple.com/kr/reviews/id1927161899,2026-08-22,2026-08-22 16:57:37,1,?,"왜 노래를 찾으면 노래가 없죠? 짭 노래는 다 있는데 진짜는 왜 없죠? 어케 해명하실거죠? 아무도 듣지 않는 노래나 없어야지 왜 사람들이 많이 듣는 노래를 가지고 왜 그러냐고요 다시 생각해도 한숨만 나오네요 짭노래가 왜 있냐고요.  앱 진짜 그냥 완전 망하면 정신 차리겠죠? 그러니까 정신 차리게 망하게 해드릴께요 이미 님들 평점도 보니까 낮던데 ㅋㅋㅋ
님들은 지니 깔지 마셈요",6.1.4,0,0,1
858266085,지니뮤직 - genie,20,14453895595,토마토맛토 토맛토마토,https://itunes.apple.com/kr/reviews/id1661009699,2026-08-21,2026-08-21 16:58:11,5,좋아요,"무과금이여도 1분 미리듣기가 있어서 좋습니다 플리도 만들수 있고,제가 좋아하는 노래는 보통 다 있네요.무과금이여도 괜찮은게 제일 장점인것 같습니다..",6.1.4,0,0,1
858266085,지니뮤직 - genie,21,14452553067,잉잉이이이잉이이이ㅣ이이이이ㅣㅣㅣㅣㅣㅣㅣㅣㅣㅣㅣ잉,https://itunes.apple.com/kr/reviews/id1913188543,2026-08-21,2026-08-21 07:48:21,1,지니는 돈 벌 생각이 없는거에요?,"노래 하나씩 야금야금 빼고있으면 우리가 모를줄 아세요? 내가 개듣보 하트수 댓글수 0개인 노래 없앴으면 지랄 안해. 근데 마니아층 꽤나 두꺼운 노래를 왜 쳐 없애는거에요? 댓글이라는 기능을 열어놨으면 그 댓글들을 반영해서 노래를 추가를 해도 모자랄판에 노래를 왜 더 없애시냐고 이러다 회사 진짜 파산하는 수가 있음 노래 안올려두면 이번꺼 끝나고 스포티파이로 갈아탈거

음악취향 조금이라도 마이너면 절대 깔지 마세요.",6.1.4,0,0,1
858266085,지니뮤직 - genie,22,14449585342,뒤져 시발놈들아,https://itunes.apple.com/kr/reviews/id1839403507,2026-08-20,2026-08-20 14:41:53,1,지니뮤직 일 좀 해요,아니 Montagem Miau 라는 노래 쳤는데 다 짭밖에 없음 이 노래 뿐만 아니라 다른 노래도 진짜 짭 겁나 많아요 아무튼 찐 좀 넣으라고 답변 부탁드립니다,6.1.4,0,0,1
858266085,지니뮤직 - genie,23,14445208851,Vermini47,https://itunes.apple.com/kr/reviews/id551554191,2026-08-19,2026-08-19 12:04:48,1,솔직히 불편함,"해외에서 mp3이용권 구매해서 노래 들으려는데 뭐 검색도 안나오고 정기 이용권있어서 다른 이용권이 아예 보이지도 않고 걍 나가져버리고 홈페이지는 비번 맞는 것 같은데 또 가입하라그러고 ㅡㅡ 개짜증남 가입을 문자인증을 못하는데 어떻게 하라고 
전부터 인터페이스,플리 편집같은거 짜증남 앱에서 다 알아서 할 수 있게 해야지 누가 홈페이지 왔다갔다 하려고 함",6.1.4,0,0,1
858266085,지니뮤직 - genie,24,14440830964,구자욱 화이팅!,https://itunes.apple.com/kr/reviews/id1864233999,2026-08-18,2026-08-18 09:44:50,1,왜 이노래가 없나요?,Egzod&Maestro chives royalty 엄청 유명하고 좋은 곡인데 지니에 없네요,6.1.4,0,0,1
858266085,지니뮤직 - genie,25,14438723352,찌욤짱,https://itunes.apple.com/kr/reviews/id1644904672,2026-08-17,2026-08-17 22:07:46,5,지니뮤직에게,완전 잘쓰고 있는데욥 이거만 좀.. 내플레이리스트에서 노래를 똑같은 노래 두번 넣게 해주시고 마지막노래 끝나면 맨처음 노래로 바로 틀리게 해주세욥.. 불편해서 죽습니다...,6.1.4,0,0,1
858266085,지니뮤직 - genie,26,14436861277,부채령,https://itunes.apple.com/kr/reviews/id669227277,2026-08-17,2026-08-17 09:58:18,1,페이스북 로그인 지원 좀 잘 해주세요,피씨로도 종종 안되고 지금 모바일도 아예 안됩니다. 돈은 빠져나가고 있는데 로그인이 안된다뇨..,6.1.4,0,0,1
858266085,지니뮤직 - genie,27,14434810336,오리닮은 너구리,https://itunes.apple.com/kr/reviews/id1588154976,2026-08-16,2026-08-16 22:37:02,4,왜이러죠,노래듣는건 괜찮습니다 근데 어느날 제가 한 아티스트(가수) 를 응원하려고 응원글을 적는곳에 글을 적어서 올리려했습니다 근데 안돼길래 어라? 뭐지?하고 봤더니 댓글 적는걸 유료화로 바꾸셨더라고요 악플쓰는 사람들 때문에 바꾸신거같지만 이건 정말 너무 한거같아서 남겨요 노래는 잘듣고있지만 전에 대댓글 적는것도 막아두시고 응원글에 댓글 못적는건 아니죠ㅜㅜ 순수한 마음으로 적으려고했는게 막혀서 좀 당황했습니다 그래도 노래 듣는데에는 아무 이상없습니다,6.1.4,0,0,1
858266085,지니뮤직 - genie,28,14422476169,한지정실부인,https://itunes.apple.com/kr/reviews/id1552944295,2026-08-13,2026-08-13 21:17:15,4,좋긴한데..,무슨 이상한 선거송? 뭐 그런건있는데 좀 유명하진 않더라도 tell your world나 뭐 좀 이런노래는  없어서..,6.1.4,0,0,1
858266085,지니뮤직 - genie,29,14410785061,복반한무,https://itunes.apple.com/kr/reviews/id1758888157,2026-08-10,2026-08-10 23:40:54,3,재생,이거노래가계속다음으로안넘어가고무한반복되고잇는데전체듣기해도계속한노래만틀어지는데ㅇㄱㅈㅉㅇㅇ?,6.1.4,0,0,1
858266085,지니뮤직 - genie,30,14407554036,dmswl.wjd,https://itunes.apple.com/kr/reviews/id1487662888,2026-08-10,2026-08-10 03:12:30,3,재생목록 노래 크기 줄여주세요,"내가 최근에 무슨 노래들을 들었는지 흐름을 알고 싶어요 제발 간곡히 부탁드립니다. 지금은 노래들이 ㅈㄴ 커서 하..진짜 존나 빡치네 
너무 커요.. 제발 작게해주세요 제벌 진짜 부탁합니다..",6.1.4,0,0,1
858266085,지니뮤직 - genie,31,14390195337,부산끼룩이,https://itunes.apple.com/kr/reviews/id1592917995,2026-08-05,2026-08-05 18:17:59,1,답글,왜 답글 안되나요?,6.1.3,0,0,1
858266085,지니뮤직 - genie,32,14387353043,Minwoo00,https://itunes.apple.com/kr/reviews/id1348926209,2026-08-05,2026-08-05 00:47:56,1,업데이트,업데이트 되고 몇곡 통으로 날라감,6.1.3,0,0,1
858266085,지니뮤직 - genie,33,14386354434,아몬드 멸치볶음,https://itunes.apple.com/kr/reviews/id1877983630,2026-08-04,2026-08-04 19:51:48,3,추가해주실 수 있나요? ☺️,Halcali의 おつかれSUMMER라는 노래가 있었으면 좋겠어요💗 말해서 될 건 아니지만!.. 다른 건 다 좋은 것 같애요. 가끔 저가 일본 노래 좋아해서 찾는 것이 없지만? 그건 아무래도 한국앱이니까 어쩔 수 없다고 생각해요!,6.1.3,0,0,1
858266085,지니뮤직 - genie,34,14381514749,햄과소세지,https://itunes.apple.com/kr/reviews/id230925702,2026-08-03,2026-08-03 15:08:27,1,돈 내고 듣는건데,"왜 앱 실행할 때 마다 광고 나와서 그
광고 끄고 시작해야 함?
무료로 쓰는것도 아니고 돈 내고 사용하는데
왜 광고를 강제로 매번 봐야함??
빠른 개선 요청",6.1.3,0,0,1
858266085,지니뮤직 - genie,35,14376673337,리뷰입니다🥔,https://itunes.apple.com/kr/reviews/id1178990961,2026-08-02,2026-08-02 09:35:49,5,아주 쓸만한 뮤직앱!,"노래 재생목록에 넣는거 귀찮을 때, 내 취향 노래 낋여주는 DJ한테 가서 실시간으로 노래 같이 들을 수 있는 ‘뮤직허그’ 기능 따봉! 지니차트랑 인기 검색어 차트도 오늘은 뭐가 1등을 차지했을까 하며 구경하는 재미가 있네요 ㅋㅋ 최신 노래도 검토(?)하면서 띵곡도 찾고 음악의 세계에 입성한 기분이랄까.. 할게 아주 많습니다 시간 순삭!",6.1.3,0,0,1
858266085,지니뮤직 - genie,36,14365797202,휴뀹,https://itunes.apple.com/kr/reviews/id708032655,2026-07-30,2026-07-30 18:27:56,1,애플워치 제어,연동이 잘 안되고 잘끊기고 음량조절하면 반박자 느려요...ㅋ,6.1.3,0,0,1
858266085,지니뮤직 - genie,37,14365440480,왜그러냐 ㅉ,https://itunes.apple.com/kr/reviews/id1739664474,2026-07-30,2026-07-30 16:01:56,1,멜론으로 갈아타세요,아니 대체 개발자 답변은 왜만든거임? 뭔 수정을 하긴함? ㅋㅋ 댓정지도 안풀어~ 팬 버그도 안풀어~~ ㅈㄹ났다,6.1.3,0,0,1
858266085,지니뮤직 - genie,38,14364567877,7.5덕,https://itunes.apple.com/kr/reviews/id1627922308,2026-07-30,2026-07-30 10:12:02,1,다른 앱 쓰세요,"없는 노래가 대부분입니다. 죄다 저작권 문제라면서 노래 추가도 안되고 있습니다.다른 앱 쓰세요. 이 앱의 유일한 장점은 가격입니다. 그것 빼고는 진짜 쓸 이유가 없어요. 다양한 노래를 찾아서 듣기에는 부적합한 앱입니다. 
지니뮤직, 노래 추가나 열심히 하세요.",6.1.3,0,0,1
858266085,지니뮤직 - genie,39,14363100689,만쥬와그로밋,https://itunes.apple.com/kr/reviews/id1239481367,2026-07-30,2026-07-30 01:31:24,2,노래듣다끊김현상,노래듣다가 자꾸 끊기는데 어케 고치나요 원래 안그랚는데ㅠ 거의 2분에 한번꼴로 멈춰요….,6.1.3,0,0,1
858266085,지니뮤직 - genie,40,14358771174,쩡쩡tv,https://itunes.apple.com/kr/reviews/id943328256,2026-07-29,2026-07-29 00:11:47,5,재생목록 노래 이동,E쳣다 업뎃 이후로 노래 여러개 동시에 이동시키는 거 없어져서 억수로 불편했는데 드디어 돌아왔구나ㅠㅜㅜ 복복복🫳🏻🫳🏻🫳🏻,6.1.3,0,0,1
858266085,지니뮤직 - genie,41,14353500762,❤️🧡💛💚🩵💙💜🩶🤍,https://itunes.apple.com/kr/reviews/id1949968543,2026-07-27,2026-07-27 17:38:53,3,그냥 이유 없이 좋아요 😍,내가  좋아하는 노래를 들을수있는건 좋은데 만화에서 나오는 노래가 없어서 아쉬워요 ㅠㅠㅠ 그래서 별 4게를 들어요😍,6.1.3,0,1,1
858266085,지니뮤직 - genie,42,14342986220,아니왜안되는거임,https://itunes.apple.com/kr/reviews/id1337140281,2026-07-25,2026-07-25 00:49:59,2,아니원래플레이리스트에추가할때듣고있는다음곡으로추가됐는데왜안됨,그냥 제목 그대로임 원래 추가할 때 듣고있는 곡 바로 다음곡으로 추가됐었는데 갑자기 안됨요 그리고 선택듣기 좆도 필요없는데 그거 빼고 다시 돌려주세요,6.1.2,0,0,1
858266085,지니뮤직 - genie,43,14337851658,먀먀먀먉,https://itunes.apple.com/kr/reviews/id1921672662,2026-07-23,2026-07-23 19:15:42,5,후헤헤헿,"안녕하세욥. 지니뮤직 사랑러 먀먉 입니다. 요즘 지니가 일을 너무 잘해욜🫶🏻 뮤직 허그 에서 친구도 생기고, 실친 한테도 소개 해서 두명이나 지니뮤직 유저가 되었답니당✌🏻 그치만.. DJ를 하고 싶은데 어떻게 하는건지 모르겠어요..(큨큐ㅠ)",6.1.2,0,0,1
858266085,지니뮤직 - genie,44,14337209240,배챙이냥,https://itunes.apple.com/kr/reviews/id996075461,2026-07-23,2026-07-23 14:54:15,1,"지니 일 진짜 못함, 감다뒤",노래 업데이트 너무 너무 느리고 플레이리스트 편집 어떤 플리는 ‘맨위로’ 가능한데 어떤 플리는 안떠요. 그리고 가끔 정리해둔 플리 랜덤으로 바껴있어요. 다른 어플 보다 저렴해서 쓰는거지… 많이 아쉬운 앱. 지니뮤직은 제대로 일하는 사람이 없나봐요ㅠ 가사 없는 것도 있고 없는 노래도 많고 답답함. 업데이트 해주세요;;;,6.1.2,0,0,1
858266085,지니뮤직 - genie,45,14329808736,영크크다,https://itunes.apple.com/kr/reviews/id1836549100,2026-07-21,2026-07-21 19:35:20,2,플레이리스트 재생목록 정렬,"아니 원래는 노래 추가하면 맨위에 담아졌는데 갑자기 맨아래 담아지더니 정렬에 최근순이 사라짐
진짜너무너무 불편함 전에도 이랬는데 또이래요..",6.1.2,0,0,1
858266085,지니뮤직 - genie,46,14329789443,꼬부깅ㅅ쓰,https://itunes.apple.com/kr/reviews/id504182588,2026-07-21,2026-07-21 19:28:03,1,재생목록,플레이리스트 음악 추가하면 왜 음악이 맨밑으로 가나요..?전엔 다음곡에 추가 됐었는데 환경설정 몇번을 바꿔도 똑같아요,6.1.2,0,0,1
858266085,지니뮤직 - genie,47,14328059396,비트박서덕질녀,https://itunes.apple.com/kr/reviews/id1465917125,2026-07-21,2026-07-21 07:50:16,5,지니뮤직,계속 지니뮤직 쓰고 있는 유저에요 처음엔 무료로 음악들을수 있어서 좋았는데 이제 노래 트니까 이용권을 구매해달라고 뜨네요.. 이제 무료가 아닌건가요?,6.1.2,0,0,1
858266085,지니뮤직 - genie,48,14327441760,개죽이멍,https://itunes.apple.com/kr/reviews/id1648894904,2026-07-21,2026-07-21 04:05:34,1,아 잘나가다가 또 뭔ㅡㅡ,곡 추가할때 재생 중인 곡 다음으로 해놨는데 언젠가부터 왜 또 맨밑으로 처박히는거죠?? 제발 쓰잘때기 없는 업데이트 좀 하지말고 그냥 좀 내비두세요ㅡㅡ 보니까 나만 짜증나는거 아닌거 같던데ㅡㅡ 그리고 댓글 정지를 2년씩이나 박아버리는 플랫폼이 세상에 어딨습니까? 제가 욕을 적은것도 아니고 막막로 음담패설을 적은것도 아니고 뭘 어쨌다고 2년씩이나 댓글을 막아요?? 그럴꺼면 2년치 댓글 기능 못쓰는거 할인이나 해주든가요. 댓글 정지 당장 풀어주세요,6.1.2,0,0,1
858266085,지니뮤직 - genie,49,14325823640,까여,https://itunes.apple.com/kr/reviews/id151864387,2026-07-20,2026-07-20 19:39:38,1,플레이리스트 관리 안 되는 최악의 음악 앱,"노래안듣는인간이 개발승인한게 분명함
”마이”플레이리스트랑 플레이리스트가 따로있는것도 개빡침 
“마이” 플레이리스트에서 곡 하나만 삭제하려고 했는데 편집이랑 재생 탭이 따로있음
재생탭에서 노래 옵션 눌러보니까 개같은 컬러링 지정하는 것만 여러개 추가되어있음
어찌저찌찾아서 편집탭으로 들어갔는데 노래를 누르면 재생이 됨. 
그럼 탭을 왜 따로 둔건지 의문임.. ㅋㅋㅋㅋㅋㅋㅋㅋㅋㅋㅋ 
“노래” “플레이리스트” “MY""
이렇게 세가지 단어가 어떻게 기능적으로 분류된건지 내가 써보기 전까지는 알수가 없음 
사용자에 대해 고민한 흔적 전혀 없고 그때끄때 아무말이나갖다붙인듯함.. 
노래누르면 일단
”노래“에서 재생이 되는데 이건 ”플레이리스트“는
아닌거임 ㅋㅋㅋㅋㅋㅋㅋㅋㅋ고민좀 하세요 
내가 2005년에 사용한 멜론 웹페이지보다도 못하다
2005년에 애플에서 그 거지같은 아이튠즈로 리스트정리하고 멜론 벅스 스포티파이 다 써봤지만 ... 지니뮤직이 최악임 
거의 십년을 케이티 장기이용자라서 쓰게됐는데 수치스러움. ㅠ 아마도 케이티랑 번들링돼있어서 쓰고 그것의 매출비중이 크고 굳이 개선하고싶지도 비용들이고싶지도않은건 이해하지만 쯧",6.1.2,0,0,1
858266085,지니뮤직 - genie,50,14304465281,별명머하짘,https://itunes.apple.com/kr/reviews/id1040601412,2026-07-15,2026-07-15 11:36:13,1,???,"노래 재생목록에 추가할 때 설정에서도 현재 재생 곡 다음 설정해뒀는데 갑자기 맨 마지막에 추가됨
…윗쪽까지 스크롤해서 옮겨야함… ㅈㄴ불편해요ㅠㅠ
이거 음악앱맞나요…?",6.1.2,1,1,1
858266085,지니뮤직 - genie,51,14297731028,ㅇㅖㄴㅈ,https://itunes.apple.com/kr/reviews/id1876503373,2026-07-13,2026-07-13 20:36:59,1,댓정지,"제발 댓정지 좀 없애주세요
기간이 일단 너무 길고 애초에 댓 하나 달으려고 2,3년 기다리는 사람이 있을까요 ??
그리고 댓글까지 사용료에 포함되있는 건데 솔직히 돈이 많이 아까운 것 같아요
그리고 이거 댓정지 기간 기준에 해당되는 댓글도 없는데 ㅋㅎㅋㅎ
너무 어이없기도 하고 ㅎㅎ
그리고 저는 처음 2주 정도 기간이 안 줄어들고 멈춰 있었는데 이건 어떡하죠
300몇일 이였을 때는 좀 괜찮았는데 700몇일로 건너뛰어져서 ㅎㅎㅎ
제발 댓정지 좀 없애주세요",6.1.2,0,0,2
858266085,지니뮤직 - genie,52,14297164096,망하야거매,https://itunes.apple.com/kr/reviews/id704706776,2026-07-13,2026-07-13 16:57:38,1,페이스북 아이디로 로그인이 막혔나요?,"활성화되있는 로그인상태인데, 비활성화되있어서 로그인이 안되요 결제도해놨는데 왜이렇게 안되나요??",6.1.2,0,0,2
858266085,지니뮤직 - genie,53,14273494338,ㄱㄱㄱㄱㄱㄱㄱㄴㄴㅇㅇㅇ,https://itunes.apple.com/kr/reviews/id1637756963,2026-07-07,2026-07-07 19:39:17,1,플레이 리스트 곡 삭제 왜 없앤건가요?,불편함 레전드임,6.1.1,0,0,2
858266085,지니뮤직 - genie,54,14262061909,hwajangge,https://itunes.apple.com/kr/reviews/id933816141,2026-07-04,2026-07-04 22:24:00,1,너무 불편 쓸때마다 불편해서 답답함,"KT 요금제에 묶여서 무료라 억지로 썼는데 사용자 편의 고려 없고 너무 불편함
진짜 직관적인데 뭔지 고민은 해본건가 싶음 사용하다가 하도 답답해서 이 리뷰 쓰러옴 진짜 개선좀하세요
그냥 돈내고 유튜브 뮤직써야할듯",6.1.1,0,0,2
858266085,지니뮤직 - genie,55,14252448229,출퇴근 메이트 쿠키런,https://itunes.apple.com/kr/reviews/id1283602495,2026-07-02,2026-07-02 14:50:33,4,유사곡 라디오 기능 개선되면 좋겠어요,"차트가 거의 변동이 없다보니까 맨날 듣는 노래 , 아는 노래만 듣게 되어서 노래 추천 기능을 활용하고 싶은데 
좋아해는 곡의 ‘유사곡’ 라디오라고 해서 들어보면 하나도 유사하지 않고 유명하지도 않은 너무 인디? 이고 별로인 노래들만 추천해주는 것 같아요. 유사곡 추천곡 퀄리티가 개선되면 좋겠어요!!",6.1.1,0,0,2
858266085,지니뮤직 - genie,56,14250430495,수도권에어팟,https://itunes.apple.com/kr/reviews/id1038021334,2026-07-02,2026-07-02 02:46:25,2,음악검색기능이 진짜 안좋아요,항상 음악검색이 안돼서 구독 끊을까 고민합니다…,6.1.1,0,0,2
858266085,지니뮤직 - genie,57,14249041496,ㅔㅓㅕㅐㅏ,https://itunes.apple.com/kr/reviews/id1192072679,2026-07-01,2026-07-01 20:16:10,5,재생 관련해서￼,제가 만든 플리에 있는 노래를 하나 선택해서 재생하면 왜 제 플리 내에서 재생되지 않고 노래목록>재생으로 가는건가요? 저는 그냥 제 플리 내에서 아무거나 선택하고 제 플리 내에서만 듣고싶은데 굳이굳이 전체재생해서 굳이 또 듣고싶은 노래 찾는게 너무 비효율적이에요,6.1.1,0,0,2
858266085,지니뮤직 - genie,58,14240898611,alsjjakak,https://itunes.apple.com/kr/reviews/id868408698,2026-06-29,2026-06-29 22:24:53,5,플레이리스트 폴더 기능 추가 요청,플레이리스트를 폴더에 담을 수 있는 기능 추가는 안될까요?,6.1.1,0,0,2
858266085,지니뮤직 - genie,59,14240166768,나예솔,https://itunes.apple.com/kr/reviews/id1938633864,2026-06-29,2026-06-29 18:37:45,3,.,없는 곡이 너무 많아요 다른 음악앱에는 있는데 지니뮤직에만 없어요,6.1.1,0,0,2
858266085,지니뮤직 - genie,60,14235683463,꼬래파엉ㄹ라,https://itunes.apple.com/kr/reviews/id1869247090,2026-06-28,2026-06-28 15:13:58,4,정말 다 좋은데,제가 플레이리스트 만들고나서 랜덤으로 듣고 싶어서 그렇게 설정을 하고 전체 듣기를 누르면 계속 플레이리스트 젤 첫번째에 있는 노래가 젤 첫번째로 나오고 그 다음부터 랜덤으로 노래가 나와요 고치는 방법이 있는데 제가 못찾는건지 아님 그냥 아예 원래 이런건지 조금 불편해요..ㅠㅠ,6.1.1,0,0,2
858266085,지니뮤직 - genie,61,14234982752,호랑잠자리,https://itunes.apple.com/kr/reviews/id1324758850,2026-06-28,2026-06-28 10:43:03,1,버그임?,노래를 검색해서 듣고 유사곡 라디오하면 원래 선택한 노래 먼저 틀어주고 유사곡 해주는거 아니었나요 언제부턴가 원래 검색한 노래를 건너뛰규 다른 곡을 들려줍니다,6.1.1,0,0,2
858266085,지니뮤직 - genie,62,14232648819,이런저런고런,https://itunes.apple.com/kr/reviews/id451452497,2026-06-27,2026-06-27 21:43:56,5,(아이폰유저) 지니 너무 잘 쓰고 있어요,근데 언제부턴가 재생목록에서 상단바 누르면 맨 위로 올라가는 기능이 없어졌는지 안됩니다. 이거좀 고쳐주시면 안될까요(다른데선 다 되는데 지니만 안됩니다. 핸드폰 문제는 아니란 소리죠!),6.1.1,0,0,2
858266085,지니뮤직 - genie,63,14220137145,꿻뛝뿕딼쏷똷쀓,https://itunes.apple.com/kr/reviews/id1319248338,2026-06-24,2026-06-24 19:53:04,5,댓정..ㅎ,솔까말 댓정 진짜 개같아요.. 지난 방학에 뮤허 여섯시간씩 키고 댓글로 사람들이랑 소통하면서 현실엔 없던 넷상 친구도 사귀고 너무너무 행복햇는데 역시 그건 나에게 너무 과분햇는지 2년 댓정으로 빼앗겨버리네요.. 그때 정지 먹은거 보자마자 눈물부터 나왔고 너무 속상햇어요 700일을 어떻게 기다릴까 싶엇고 싹 다 무슨 꿈 꾼것 같았어요 이참에 지금 케데헌 같은 앨범 댓에서 활동하는 사람들도 싹 다 정지 먹이면 안될까요?ㅎ 팔로워도 실제 제 인스타 계정보다 훨씬 많고 너무 즐거웟는데 몇달이 지나도 분이 안풀리네요 문의를 계속 넣어봤자 똑같은 공지 내용만 복사해서 주고.. 제가 굳이 지뮤 공홈에 직접적으로 문의 넣기 전에 답변을 주시던가 시스템을 좀 만져주시던가 해주세요 부탁드립니다 제발..,6.1.1,0,0,2
858266085,지니뮤직 - genie,64,14204974617,☆*:.｡. o🎀o .｡.:*☆,https://itunes.apple.com/kr/reviews/id1538780475,2026-06-20,2026-06-20 21:03:43,1,제발 좀,아니 댓글을 뭔 2년씩이나 정지하고 이상한 업뎃만 함;,6.1.1,0,0,2
858266085,지니뮤직 - genie,65,14204712575,Zzzzzzzzzzzzzzzzzzzzzzzzzzzi,https://itunes.apple.com/kr/reviews/id1862190513,2026-06-20,2026-06-20 19:25:48,2,잘쓰고있긴한데 이런 부분을 만들어 주실수있을까요?,"외국 노래를 들을때 가사 한줄마다 아래 한글로 발음이 있게 생기면 좋을것 같습니다
외국음악으로 그 나라 언어를 배우는 사람으로 그런게 있으면 좋을것 같네요
그리고 노래를 플레이하면 그 노래만 나오고 멈추더라고요 제 플레이리스트에 있는곡이나 최소한의 관련있는곡으로라도 계속 나오게 해주실수있을까요",6.1.1,0,0,2
858266085,지니뮤직 - genie,66,14204275132,알콩달콩…ㅎ,https://itunes.apple.com/kr/reviews/id1920584038,2026-06-20,2026-06-20 16:22:25,4,"댓정지 좀요,,,ㅠㅠ","안녕하세요 저는 지뮤 4년 사용자입니다

원래는 노래도 많고 팔로우 이런 것들에 잇어서 좋왔는데요 하지만,,,갑자기 댓글 정지가 와서 좀 그런것 가타요오
다른 사람들은 프로필에 역하고 잡는 사람이 많아졌거덩요
글고 만약 댓글이 풀어져도 1분당 한번은 풀어주셨으면 감사하겠습니다

딱 댓 정지 1분에 1번 빼고 만 풀어주시면 좋겟어요!

오늘도 좋은 하루 보내세요~ㅎ",6.1.1,0,0,2
858266085,지니뮤직 - genie,67,14200018691,2025투싼 하이브리드,https://itunes.apple.com/kr/reviews/id1047891062,2026-06-19,2026-06-19 14:05:00,1,리뷰를 15년간 처음으로 작성,"뭐 회원가입할려고하면 폐이지 이동하는데 그건 무한로딩뜨고, 너무 짜증나서 사파리 , 구글 통해 홈폐이지까지가서 회원가입할려해도 흰색 무한로딩뜨고
기본적인 옵션조차 구성이 안되어있음 
혹시나해서 통신상태봤지만 매우양호
아이폰17에어 
진짜 사람욕나오게함",6.1.1,0,0,2
858266085,지니뮤직 - genie,68,14199976026,별별별별별별별별ㄹㄹㄹ,https://itunes.apple.com/kr/reviews/id1125661322,2026-06-19,2026-06-19 13:45:57,4,플레이리스트,플레이리스트에서 셔플 누르면 제 플레이 리스트에서만 노래가 나왔으면 좋겠어요 자꾸 모르는 노래가 나오더라구요..,6.1.1,0,0,2
858266085,지니뮤직 - genie,69,14191922008,쥬린이,https://itunes.apple.com/kr/reviews/id1188433170,2026-06-17,2026-06-17 12:13:51,1,쓰레기 뮤직앱,플레이리스트에 600곡이 있는데 플레이리스트에 곡 하나를 추가한다. 플레이리스트는 내가 편집한순서로 구성되어있다. 추가한 곡은 맨 아래에 등록된다. 이유는 모르겠음. 그리고 맨위로 버튼이 없어서 위로 버튼을 600번을 눌러야한다ㅋㅋㅌㅋㅋㅋ그냥 지우면되지?,6.1.1,0,0,2
858266085,지니뮤직 - genie,70,14178690419,버그없애주면떡볶이사줌,https://itunes.apple.com/kr/reviews/id1710499011,2026-06-14,2026-06-14 02:39:25,1,별로,뮤직 셔플 안되는게 너무 별로에요 업뎃 제발,6.1.1,0,0,2
858266085,지니뮤직 - genie,71,14161089081,고구마감자엥,https://itunes.apple.com/kr/reviews/id1841736446,2026-06-09,2026-06-09 15:02:33,5,아아 굿입니다,지니뮤직 귯!!,6.1.1,0,0,2
858266085,지니뮤직 - genie,72,14157749962,과학은이미사용중인별명,https://itunes.apple.com/kr/reviews/id1818646355,2026-06-08,2026-06-08 18:52:07,5,피아노 노래,"피아노 곡들은 곡정보를 눌렀을때, 악보가 나오게 해주실수 있나요??? 오른쪽으로 길게 악보가 있어서 오른쪽으로 넘기며 악보를 볼수 있게요.",6.1.1,0,0,2
858266085,지니뮤직 - genie,73,14133118462,ililiill0011,https://itunes.apple.com/kr/reviews/id1784586167,2026-06-02,2026-06-02 08:31:21,3,재생,플리 재생해도 맨 처음에 나온 노래만 반복재생되고 제가 일일이 다음재생버튼을 눌러야 다음 노래로 넘어가더라구요. 집적 선택해서 노래를 들어도 똑같습니다. 전처럼 자동으로 남어가도록 수정해주세요.,6.1.1,0,0,2
858266085,지니뮤직 - genie,74,14106135755,봉드,https://itunes.apple.com/kr/reviews/id694049813,2026-05-26,2026-05-26 08:23:50,1,이 쓰레기같은앱 언제 그만둠??,"직관성은 개나 줘버려 맨날 끊겨 플리삭제는 하니씩 해야돼 뭐 이렇게만듦???
ui공부좀 하셔야겠는데요
아니면 빠르게 사업 접는게 좋아보여요
제돈이 너무나 아깝습니다 돈내놓으세요",6.1.1,0,0,2
858266085,지니뮤직 - genie,75,14083628920,레츠르ㅡ코,https://itunes.apple.com/kr/reviews/id1684926264,2026-05-20,2026-05-20 07:56:23,3,.,"좋긴한데 원하는 노래 다음곡에 재생하는걸 자유롭고 더욱 간퍈하게 바꾸면 좋을 것 같아요!
그리고 드라마 ost 플레이리스트가 많이 없는 점도 단점인 것 같아요. 좀 복잡해요. 좀 단순하게 만들어주세요유ㅜ",6.1.1,0,0,2
858266085,지니뮤직 - genie,76,14074937802,써머97,https://itunes.apple.com/kr/reviews/id1082989618,2026-05-17,2026-05-17 23:19:34,3,더 잘되기 위해,"1. 플레이리스트 정렬에 ‘최신등록순’ 추가
2. 유xx처럼 한곡 틀면 자동으로 비슷한 류 음악 재생해주는 기능 추가(들어본 적도 없는 이상한 노래 나오는 거 말고 진짜 취저인 곡들로)

해주시면 좋겠어요!
특히1번 제발요!!",6.1.1,0,0,2
858266085,지니뮤직 - genie,77,14071929686,환불부탁ㅈㅂ,https://itunes.apple.com/kr/reviews/id1315733718,2026-05-17,2026-05-17 03:20:13,2,다 좋은데,1년 넘게 유료결제로 쓰는 사람입니다 플레이리스트랑 다 좋은데 요즘들어 자꾸 앱에서 튕기네요 튕기고 난 후 30분 정도는 앱이 열리지가 않아요 오류인가요 오류라면 얼른 수정 바랍니다 너무 답답해서 다른 음악앱으로 옮길까 고민될 정도네요,6.1.1,0,0,2
858266085,지니뮤직 - genie,78,14070327965,park9800,https://itunes.apple.com/kr/reviews/id1317260386,2026-05-16,2026-05-16 18:41:01,1,플리 정렬 너무불편해요,아니 플레이리스트 최신순이 왜 안돼요????? 이 기능 없는 음악어플은 처음이네;;; 아 지니 진짜 불편해서 못쓰겠어요 공짜니까 쓰지 진짜,6.1.1,0,0,2
858266085,지니뮤직 - genie,79,14069543137,큐티왕자,https://itunes.apple.com/kr/reviews/id1118245161,2026-05-16,2026-05-16 12:48:55,1,731일정지?,👍☠️이거 적었다고 정지? 생각 좀 해라,6.1.1,0,0,2
858266085,지니뮤직 - genie,80,14069030222,bbonmmmk,https://itunes.apple.com/kr/reviews/id496136190,2026-05-16,2026-05-16 09:20:16,2,이전 기능 복원,위쪽 탭하면 젤 위로 올라가는 기능 복원해주세요 없어져서 너무 불편해요!!!,6.1.1,0,0,2
858266085,지니뮤직 - genie,81,14062944732,바꿔줘..,https://itunes.apple.com/kr/reviews/id1370076545,2026-05-14,2026-05-14 19:09:11,3,자꾸 멈춤,"노래라던가 괜찮은데, 찾는 노래가 없고 자꾸 멈춰요.",6.1.1,0,0,2
858266085,지니뮤직 - genie,82,14062370999,오타쿠_포세단,https://itunes.apple.com/kr/reviews/id1723024217,2026-05-14,2026-05-14 14:35:22,3,댓글정지,노래는 좋은데 답글정지 해결하세요ㅛㅛ 접는사람이 너무 많아졌어요,6.1.1,0,0,2
858266085,지니뮤직 - genie,83,14056131033,연어초밥이 별명이지만 연어초밥 싫어함,https://itunes.apple.com/kr/reviews/id1683020996,2026-05-12,2026-05-12 21:55:48,5,👍,네 제목 구라고요 노래가 끊기고 이용권이 있는데 1분 미리듣기만 재생되는건 뭐죠?????? 하다하다 돈까지 뺏어먹고 높으신 분들아 이런 상황이 딱봐도 일어달 텐데 대처 방법이나 써놓지 이런거 리뷰 1점으로 써놓으면 맨날 똑같은 말만 되풀이.. 이앱쓰지말고 멜론 가세요 댓글은 쓰지도 않았는데 막아놔서 기분 더럽네,6.1.1,0,0,2
858266085,지니뮤직 - genie,84,14051521526,뚜크레,https://itunes.apple.com/kr/reviews/id1102157511,2026-05-11,2026-05-11 14:36:20,1,애플 상단터치,업뎃후 안되요 수정부탁드립니다 매우불편하네요,6.1.1,0,0,2
858266085,지니뮤직 - genie,85,14047367159,챈니222,https://itunes.apple.com/kr/reviews/id1051585764,2026-05-10,2026-05-10 11:29:46,2,재생목록 상단터치 안됨,아이폰 상단터치하면 재생목록 맨 위로 올라가는 기능이 갑자기 안돼요ㅠㅠ 너무 불편합니다. 개선해주세요!!!,6.1.1,0,0,2
858266085,지니뮤직 - genie,86,14044434945,"App Store, Apple 팟캐스트 및 App",https://itunes.apple.com/kr/reviews/id1869860988,2026-05-09,2026-05-09 17:43:58,2,알림 숫자,알림 숫자 표시되는거 싫어서 알림 끈건데 숫자가 그대로면 의미가 없잖아요 알림 숫자 온오프좀 알림을 읽어도 숫자가 안사라져서 거슬려요,6.1.1,0,0,2
858266085,지니뮤직 - genie,87,14041871418,miksese,https://itunes.apple.com/kr/reviews/id1077259313,2026-05-09,2026-05-09 00:06:58,1,상단바 터치,업데이트 후 상단바 터치 하면 재생목록 맨위로 가는게 안 되는데 확인해주세요,6.1.1,1,1,2
858266085,지니뮤직 - genie,88,14037439687,앱 탐방러,https://itunes.apple.com/kr/reviews/id158204426,2026-05-07,2026-05-07 18:51:48,3,지니뮤직 아쉽네요.,안녕하세요 지니뮤직을 애용하던 학생입니다. 원래 요금도 저렴하고 음질도 좋아서 자주 쓰던 어플이였는데 최근 업데이트로 인해 무고밴을 받으신 분들이 늘어나셨더라고요.제가 원래 댓글을 많이 안해서 상관은 없지만 이건 좀 아닌 것 같습니다. 긴 글 읽어주셔서 감사합니다. 토,6.1.1,0,0,2
858266085,지니뮤직 - genie,89,14037303673,시뮬레이터 중독자,https://itunes.apple.com/kr/reviews/id1276521560,2026-05-07,2026-05-07 17:45:47,5,아주 좋습니다,고객센터에 문의 하면 바로 들어주시네용 감사합니다,6.1.1,0,0,2
858266085,지니뮤직 - genie,90,14032968556,longlong_e,https://itunes.apple.com/kr/reviews/id1918720887,2026-05-06,2026-05-06 11:20:11,1,스테이터스바(상단바) 터치 이동 불가,며칠전부터 지니뮤직에서만 상단 터치로 맨위 이동 이동 안 됨,6.1.1,0,0,2
858266085,지니뮤직 - genie,91,14023040445,너는내가처음봤던눈동자야,https://itunes.apple.com/kr/reviews/id1795501259,2026-05-03,2026-05-03 17:50:42,5,깔끔하고 좋음,굿,6.1.1,0,0,2
858266085,지니뮤직 - genie,92,14019793745,두다우사기밍,https://itunes.apple.com/kr/reviews/id1917470659,2026-05-02,2026-05-02 20:50:59,4,재생곡 순서,평소에 너무 잘쓰고 있는 고등학생 유저입니다! 그런데 요새 제 플레이스트 노래를 틀면 셔플?처럼 랜덤으로 틀어지더라구요ㅠㅠ 원래는 그냥 플리 순서대로여서 듣고 싶은곡을 순서대로 들을수 있었는데 이부분은 아쉬운것같아요ㅠㅡㅠ,6.1.1,0,0,2
858266085,지니뮤직 - genie,93,14012371365,어아홓,https://itunes.apple.com/kr/reviews/id1646607680,2026-04-30,2026-04-30 20:14:09,4,메트로놈,"워치에서는 못켜요? 워치에서도 켤 수 있게 해주세요. 대부분 달리기 좋아하는 사람은 핸드폰을
놓고 워치만 차고 뛰는
경우가 많음..",6.1.1,0,0,2
858266085,지니뮤직 - genie,94,14002658779,아이브 좋아하는 분?✋,https://itunes.apple.com/kr/reviews/id1555957683,2026-04-27,2026-04-27 23:50:55,5,.,테토 브레인롯 내주세여,6.1.1,0,0,2
858266085,지니뮤직 - genie,95,13987935492,흐흐흐흫해헤헤해힣,https://itunes.apple.com/kr/reviews/id1787732496,2026-04-23,2026-04-23 18:25:51,1,쓸데없는 업데이트 좀 그만하세요ㅠㅜㅜ,노래가 좆도 없음… 찾는 게 거의 다 없어용,6.1.1,0,0,2
858266085,지니뮤직 - genie,96,13978458008,토카보카 Tom World,https://itunes.apple.com/kr/reviews/id1387489348,2026-04-20,2026-04-20 23:34:03,4,지니뮤직,지니뮤직 너무 잘 쓰고 있어요 그런데 플레이리스트 반복재생이 있었으면 좋겠어요 같은 노래를 계속 듣고싶거든요!! 그거 빼면 너무 만족스러워요!!,6.1.1,0,0,2
858266085,지니뮤직 - genie,97,13970359255,민지짱짱맨,https://itunes.apple.com/kr/reviews/id1705891165,2026-04-18,2026-04-18 18:10:55,1,아이폰 상단 바 누르면,아이폰 상단 바 누르면 목록이든 화면이면 맨 위로 올라갔는데 왜 없어졌나요 불편해요 제발 쓸때없는 업데이트 좀 하지 마세요,6.1.0,0,0,2
858266085,지니뮤직 - genie,98,13967244873,빛이나는너에게,https://itunes.apple.com/kr/reviews/id1674627809,2026-04-17,2026-04-17 21:43:39,4,좋아요 하나만 더!!!,내 플레이리스트에서 곡수 제한좀 없애주시면 안될까요….,6.1.0,0,0,2
858266085,지니뮤직 - genie,99,13959438494,야구릍으,https://itunes.apple.com/kr/reviews/id1811542735,2026-04-15,2026-04-15 14:58:11,4,고막 터짐🫶,하투하를 좋아해서 노래를 듣고 있었는데 계속 후반에 볼륨이 멋대로 켜져서 진짜 너무 싫어요ㅠㅠ,6.1.0,0,0,2
858266085,지니뮤직 - genie,100,13953168560,"가만히….,.",https://itunes.apple.com/kr/reviews/id1804733143,2026-04-13,2026-04-13 19:52:38,5,돈이 아깝다,솔직히 노래듣는대 돈이 들어갑니까??!??돈 안 내면 1분밖에 못 들어서 좀 에바긴 한디 뭐 다른거 빼고는 좋슴다5점!!!!!,6.1.0,0,0,2
858266085,지니뮤직 - genie,101,13948012832,구름예나,https://itunes.apple.com/kr/reviews/id1625803779,2026-04-12,2026-04-12 07:28:52,5,굳,굳,6.1.0,0,0,3
858266085,지니뮤직 - genie,102,13940479869,0JH33,https://itunes.apple.com/kr/reviews/id1355140017,2026-04-10,2026-04-10 05:12:57,1,버벅거리는거좀 고쳐주세요,다른앱사용하다가 다시 지니키면 화면이 멈추고 터치가 안먹히는 현상이 자주 일어나는데 이럴때마다 앱 강제죵료하고 다시켜야해서 너무 스트레스 받아요,6.1.0,0,0,3
858266085,지니뮤직 - genie,103,13939536476,렁르야,https://itunes.apple.com/kr/reviews/id1289367924,2026-04-09,2026-04-09 23:47:25,1,스크롤&댓글,처음에 제 폰이 문제인 줄 알았는데 아니더라고요 스크롤도 잘 안되고 터치도 잘 안 먹혀요 글구 댓글 기능 막아주셨으면 해요 예의없게 욕하는 사람들도 너무 많고.. 악플도 많아요 아예 소통방이 되어버렸어요 ;; 그냥 이럴거면 댓글 기능 막아주세요,6.1.0,1,1,3
858266085,지니뮤직 - genie,104,13939048324,VITA-C,https://itunes.apple.com/kr/reviews/id114839302,2026-04-09,2026-04-09 21:08:59,1,EQ,EQ지정해놨는데 앱 다시키면 왜 eq가 꺼짐상태로 뜨나요? 지정한거 유지되게 해주세요 ㅡㅡ,6.1.0,0,0,3
858266085,지니뮤직 - genie,105,13938180536,나 혼자 신나,https://itunes.apple.com/kr/reviews/id1820222382,2026-04-09,2026-04-09 14:38:52,5,노래 다 있어서 좋음,"유튜브 뮤직에서 듣고 싶은 노래,여기서 다 듣다",6.1.0,0,0,3
858266085,지니뮤직 - genie,106,13933553775,두쫀쿵야,https://itunes.apple.com/kr/reviews/id140238555,2026-04-08,2026-04-08 06:27:55,4,감다살?!,러닝할때 골르고 듣는게 생겨써~ ㅎㅎㅎㅎ 메트로놈 ㅋㅋㅋㅋㅋㅋㅋ!!‘ㅇ ㅡ 0:;,6.1.0,0,0,3
858266085,지니뮤직 - genie,107,13928070530,포도11110_,https://itunes.apple.com/kr/reviews/id1743291771,2026-04-06,2026-04-06 18:26:11,4,러닝홈 메트로놈 기능 좋아요!,"러닝홈 메트로놈 기능 있었으면 했던 건데 새로 생겨서 넘 좋아요! 

다만 메트로놈 소리가 너무 하이톤(?!)이라 조금 더 저음으로 있으면 좋을 것 같아요! 지금은 너무 노래랑 따로 노는 느낌이라 이질감이 있습니다. 
그래도 이런 기능 생겨서 정말 좋습니다! 앞으로 더 업뎃해서 좋은 기능으로 자리잡으면 좋겠네요!👍🏻👍🏻",6.1.0,0,0,3
858266085,지니뮤직 - genie,108,13927755890,수리수리학수리,https://itunes.apple.com/kr/reviews/id1908565601,2026-04-06,2026-04-06 15:54:28,1,아 진짜 개에바임;;,제가 자동으로 결제할 수 있도록 이용권을 샀었는데 이제 자동 결제가 싫어서 자동결제 취소를 했었는데 자기 맘대로 지니 뮤직 쓰지도 않았는데 6천 얼마씩 자꾸 빼감 그리고 취소할 수 있는 방법도 자세히 안써져있음 솔직히 비추천함,6.1.0,0,0,3
858266085,지니뮤직 - genie,109,13927519353,정민시기,https://itunes.apple.com/kr/reviews/id485980907,2026-04-06,2026-04-06 13:52:48,5,와~~~~업데이트 감사합니다 ㅎㅎㅎㅎ,메트로놈쓸수있다니 !!!항상 새롭네요~!,6.1.0,0,0,3
858266085,지니뮤직 - genie,110,13924778842,갱갱갱모,https://itunes.apple.com/kr/reviews/id1510144232,2026-04-05,2026-04-05 20:02:20,5,플레이리스트,"플레이리스트에서 랜던재생 만들어주세요
제발요 ㅠㅠㅠ",6.0.6,0,0,3
858266085,지니뮤직 - genie,111,13919195972,Jsjejur,https://itunes.apple.com/kr/reviews/id1515834751,2026-04-04,2026-04-04 05:45:50,4,다 좋은데,"추천곡 재생 시스템이 너무 빈약함, 타 플랫폼처럼 강력한 추천곡 시스템을 넣어줬으면",6.0.6,0,0,3
858266085,지니뮤직 - genie,112,13913178186,dehdcsax,https://itunes.apple.com/kr/reviews/id163206165,2026-04-02,2026-04-02 14:48:45,1,먼놈의 어플이 이리 불안정해,플레이리스트 많이 저장해 놓으니까 렉이 아쥬 그냥 못써먹겠네 진짜,6.0.6,0,0,3
858266085,지니뮤직 - genie,113,13910860770,ㅛ뇨나ㅛ니ㅗ라,https://itunes.apple.com/kr/reviews/id1906454614,2026-04-01,2026-04-01 23:34:45,3,몇년째 쓰고 잇는데 요즘에 제이팝에 빠져서 좀… 실망이됐어요…,"노래가 많이 잇는건 좋은데 잘 모르는 동요나 트로트 그런것만 많이 잇어요..
제가 케이팝을 좋아한 학생이여서…
케이팝이 많은건 좋은데 사별이라든가… 
로미오 상대성이론의 노래가 아예 없어서 조금 놀랏어요… 제이팝이 유명한것만 많이 잇고 제이팝을 좋아하는 사람들중에 유명한것은 별로 없는것 가타용…
그리고 미쿠 노래도 많이 올려주시고 테토 노래 미쿠 원본 내주세요…
 그리고 검색할때 한국어로 검색해도 돼게 해줬음 좋을것 같네요…
한국어로 검색하면 너무 한국노래 동요? 같은거만 나와서 그 제가 듣고싶은 노래를 부른 가수를 찾고? 그걸 영어로 써야한다는게 조금 불편햇어요… 그래도 잘쓰고 잇긴잇어요… 노래 좀 많이 넣어주세요…특히 제이팝!!",6.0.6,0,0,3
858266085,지니뮤직 - genie,114,13904345622,딸기맛솜사탕,https://itunes.apple.com/kr/reviews/id128860870,2026-03-31,2026-03-31 03:38:01,5,재생목록 좀 늘려주세요,"현재 재생목록 최대가 3000곡이고
그이후 추가하면 기본곡이
삭제가 되는데 곡수 제한 없이 리밋을 풀어주시던지 추가곡수를 좀 늘려주세요",6.0.6,0,0,3
858266085,지니뮤직 - genie,115,13881157245,nnㅡㅡㅡ,https://itunes.apple.com/kr/reviews/id137936682,2026-03-24,2026-03-24 16:58:16,5,기능,"아이폰에서 사용중인데 언제부턴가 아이폰 자체 기능인 아이폰 화면 제일
위 가운데 부분을 터치하면 자동스크롤 돼서 화면상단으로 이동되는 기능이 지니어플에 안먹히네요 한번 알아봐주세요~",6.0.6,0,0,3
858266085,지니뮤직 - genie,116,13865187386,어쩔땡쿠길,https://itunes.apple.com/kr/reviews/id892942067,2026-03-20,2026-03-20 02:14:01,1,ㅋㅋ,"막 멋대로 어플 지우고 새로 깔게 하지 마십셔,,,,,",6.0.6,0,0,3
858266085,지니뮤직 - genie,117,13861790099,영크크크크,https://itunes.apple.com/kr/reviews/id971618216,2026-03-19,2026-03-19 02:31:05,1,하,왜자꾸노래가멈추나요…,6.0.6,0,0,3
858266085,지니뮤직 - genie,118,13861536058,ShineJM,https://itunes.apple.com/kr/reviews/id150795497,2026-03-19,2026-03-19 01:00:23,1,아이콘 으트러짐 관리점,"이건뭐 일부 핫바리 관리보다못하네
ㅔ",6.0.6,0,0,3
858266085,지니뮤직 - genie,119,13858412295,snsjejsixjdndb,https://itunes.apple.com/kr/reviews/id922196356,2026-03-18,2026-03-18 02:51:11,1,차량과 연동시 노래가 끊킴,"제목과 상이함
노래가 자주 끊킴니다
유튜브 뮤직 실행했을땐 아무문지가 없는데
지금 문제가 너무 많아요 개선좀해주세요",6.0.6,0,0,3
858266085,지니뮤직 - genie,120,13850685284,심심한 갈색개구리,https://itunes.apple.com/kr/reviews/id1748278590,2026-03-15,2026-03-15 22:03:41,1,별로예요,인증 하래서 했더니 완료 됐다면서 처음 화면으로 돌아가지더니 똑같이 인증 하라네요?? 인증 무한굴레임 100번 인증해야 결제하게 해줄건가요? 진짜 짜증나네요 이용권 구매도 안 되는데 뭐 어쩌란건지. 계속 시도해봐도 안 되네요 내 아까운 시간만 날렸네 ㅋ,6.0.6,0,1,3
858266085,지니뮤직 - genie,121,13839701046,허위매물12334,https://itunes.apple.com/kr/reviews/id1268198181,2026-03-12,2026-03-12 19:01:52,5,데이터 다 날라갔어요 도와주세요,폰 껏다 켰는데 재생목록 노래 아예 없어졌는데 롤백 되나요?,6.0.6,0,0,3
858266085,지니뮤직 - genie,122,13837187365,oxilin,https://itunes.apple.com/kr/reviews/id1218638176,2026-03-12,2026-03-12 00:25:31,3,갑자기 로그아웃 됐어요,정말 거의 2년 동안 잘 쓰던 앱인데 갑자기 로그아웃이 되버렸어요 아이디 찾기 해도 못 찾고 이미 데이터 세이프 이용권을 구매한 상태에서 쓰지도 못하고 제 플리는 날아가고 이게 뭔가요 돈 내고 있는게 아까울 정도에요,6.0.6,0,0,3
858266085,지니뮤직 - genie,123,13836023638,안층,https://itunes.apple.com/kr/reviews/id567226298,2026-03-11,2026-03-11 16:24:47,1,차량 노래들을때 끊겨요,유튜브로 들으면 안끊기는데 지니는 끊기거나 이상해져요 한번씩,6.0.6,0,0,3
858266085,지니뮤직 - genie,124,13830505482,alstkd7412,https://itunes.apple.com/kr/reviews/id533364318,2026-03-10,2026-03-10 00:28:59,5,일본노래 영어검색기능 감사합니다,다른건 다 잘 사용중인데 노래 정리가 너무 불편해요….  예전에 사용하던 여러 노래ㅜ체크해서 같이 움직이던 기능같은거 만들어주시면 감사합니다 ㅠㅠ. 제발 부탁드려요,6.0.6,0,0,3
858266085,지니뮤직 - genie,125,13818010465,0이름,https://itunes.apple.com/kr/reviews/id1897704989,2026-03-06,2026-03-06 08:59:26,3,가사보기하고 다음곡 넘어갈 때,"가사보기 한 상태에서 다음곡으로 넘어가면 노래 씽크에 맞게 가사를 못따라가고 그냥 멈춰있어요 ;; 
가사창 껐다 다시 켜야 제대로 돌아갑니다 .. 
ㅁㄹ 쓰다가 통신사 부가서비스때문에 지니 넘어왔는데 
이것만 고쳐지면 쭉 쓸테지만 안고쳐진다면 다시 돌아가야할거 같아요 ㅠㅠ",6.0.6,0,0,3
858266085,지니뮤직 - genie,126,13808781054,유소년 승마단,https://itunes.apple.com/kr/reviews/id1582864052,2026-03-03,2026-03-03 17:22:49,5,굳,요긴하게 잘 쓰고 있습니다 제 최애 앱 입니다,6.0.6,0,0,3
858266085,지니뮤직 - genie,127,13806544606,크므느으르,https://itunes.apple.com/kr/reviews/id1803129352,2026-03-03,2026-03-03 01:15:09,4,재생목록 편집할때,"여러 곡 한번에 이동하는 기능은 없나요??
없다면 개선 가능한지도 궁금합니다",6.0.6,0,0,3
858266085,지니뮤직 - genie,128,13802262947,너머지며나파요,https://itunes.apple.com/kr/reviews/id637712759,2026-03-01,2026-03-01 21:28:45,4,너무 많은 광고 팝업,제가 돈 결제하고 사용하는데 처음 앱을 실행하면 팝업 광고가 2-3개 표시됩니다. 이용자 입장에서 정말 귀찮기 짝이 없습니다. 하루빨리 개선되기를 바랍니다,6.0.6,0,0,3
858266085,지니뮤직 - genie,129,13795151450,감제이러브,https://itunes.apple.com/kr/reviews/id1583607313,2026-02-27,2026-02-27 23:13:39,5,댓글,답글모드 사라졌나요?답글 없던데,6.0.6,0,0,3
858266085,지니뮤직 - genie,130,13780056859,천진난만고양이집사,https://itunes.apple.com/kr/reviews/id1488014160,2026-02-23,2026-02-23 18:57:00,1,애플뮤직 최고,무슨 창 뜨거나 넣을 때 노래 끊기는거 어떻게 해보세요,6.0.6,0,0,3
858266085,지니뮤직 - genie,131,13779835043,응어웅엉웅웅앙,https://itunes.apple.com/kr/reviews/id910972149,2026-02-23,2026-02-23 17:12:08,1,페이스북 연동,페이스북으로 연동해서 듣고있는데 실수로 로그아웃 했다가 평생 지니 못 쓰게생겼어요 아니 계속 앱 오류라면서 페이스북연동안되서 노래 못듣고 돈만 날리고있네요. 플리라도 돌려주시던지 해결을 해주시던지 해주세요 ;,6.0.6,0,0,3
858266085,지니뮤직 - genie,132,13775685551,나 화났어!,https://itunes.apple.com/kr/reviews/id1510088457,2026-02-22,2026-02-22 12:49:10,1,아줌마 지랄쇼 보고 싶으면 와라,아줌마들이 매일 매일 임영웅 노래 온갖 공기계들이랑 앱 복제까지 꺼가며 무한 스밍해서 차트 점령함,6.0.6,1,1,3
858266085,지니뮤직 - genie,133,13772245998,빨간머리빼빼마른빨간머리앤,https://itunes.apple.com/kr/reviews/id1663687656,2026-02-21,2026-02-21 14:38:13,5,후기 잘보이라고 5점 남겨요 ..,"아니 댓글 정지가 년 단위라니 .. 어떤분은 700일  이더라고요 ..몇달도 아니고요 .. 그리고 답글 그런거 왜 없애신거죠 ,, 음악 듣는 앱도 맞지만,좋아하는 아이돌에 대해서 소통하는 공간도 맞는것 같아요 지금 다들 불편해 하시는데 댓글정지 빠른시일 이내에 없애주세요,,",6.0.6,0,0,3
858266085,지니뮤직 - genie,134,13767679107,라콩시엘,https://itunes.apple.com/kr/reviews/id187632895,2026-02-20,2026-02-20 07:03:30,5,줄 이어폰 일시정지 버튼 비활성화 된건가요?,일시정지하려고 버튼 눌러도 일시정지가 안 되길래 이어폰이 고장났나 싶어서 새로 사서 다시 해봐도 안 되네요? 기능이 없어진 건가요?,6.0.6,0,0,3
858266085,지니뮤직 - genie,135,13761158262,재민제노화이팅,https://itunes.apple.com/kr/reviews/id1892071491,2026-02-18,2026-02-18 11:03:57,2,지니는 항상 선곡이 구림,"지니는 항상 선곡이 구림 그니까 새로 추가된 빠른선곡을 들어도 첫 곡만 내가 원하는 노래고 그 다음부턴 진짜 웬 이상한 노래들밖에 안 나옴 예로 들자면 내가 얼터너티브 곡 빠른 선곡을 했는데 두 번째 곡부터 케이팝이 나옴 
케이팝이 얼터너티브 장르입니까? 
그래서 일단 이 빠른선곡 기능도 잘 안 쓰고요 더 있는 기능이라곤 내 플리들 꺼내 듣기, 최근 음악 기록 다시 듣기, DJ 추천? 이런 것 밖에 없어요 여기서 제 기능을 하고 쓸 수 있는 게 몇 개가 있나요 
DJ 기능 있는 건 괜찮아요 다양한 노래 들을 수 있고 DJ가 여러 명이라 골라 듣는 플리 맛이 있거든요 제가 원하는 건 음악 장르를 좀 다양하게 해줬으면 좋겠어요 지금은 큰 테마별로 나뉘어져있지만 세세하게 나눠주셨으면 해요 그리고 플레이리스트 기능도 다른 사람 플리를 들을 수 있었으면 좋겠어요 DJ, AI가 구성한 플레이리스트 말고 사용자 플레이리스트요 다른 앱들처럼 뭐 검색했을 때 다른 사람 플리들이 떴으면 좋겠습니다..",6.0.6,0,0,3
858266085,지니뮤직 - genie,136,13749788728,ㅈㅣ ㄴㅣ ㅈ ㅔ 발,https://itunes.apple.com/kr/reviews/id1667897473,2026-02-15,2026-02-15 06:26:32,5,5점 하면 뜬다길래..,다들 댓글 정지 당하셨다는데 고친다면서 고치는거 맞나요? 그리고 매일 들어가서 확인해 보는데 일수가 안 줄어드네요 망하려고 작정한게 아니면 정확한 답변을 주시고 어떻게 할건지 알려주셔야죠 이런식이면 사용자들 다 떠나요,6.0.6,0,0,3
858266085,지니뮤직 - genie,137,13748612777,이네는,https://itunes.apple.com/kr/reviews/id1454987721,2026-02-14,2026-02-14 23:32:21,1,시간 제발..,밤 11시에 결제 했는데 12시 지나서 1일 날렸습니다. 결제한 시간부터 해서 30일하면 좋을꺼 같습니다.,6.0.6,0,0,3
858266085,지니뮤직 - genie,138,13740110378,편집하는거좋아해요,https://itunes.apple.com/kr/reviews/id1760433726,2026-02-12,2026-02-12 14:09:59,1,감다뒤ㅠ,운영정책 강화한다 해놓고 갑자기 2년동안 댓글 정지 당했어요 난 아무것도 한 게 없는데ㅠㅠㅠ,6.0.6,0,0,3
858266085,지니뮤직 - genie,139,13736359160,지니뮤직 좋은데;;;;;;;;,https://itunes.apple.com/kr/reviews/id1787926175,2026-02-11,2026-02-11 12:22:08,5,스밍 좀 그만;;,"계속 밤, 새벽만 되면 차트가 어떤 아티스트의 노래로 도배가 됩니다. 이거 해결해주실 수 있나요??",6.0.6,0,0,3
858266085,지니뮤직 - genie,140,13732595567,캇데쿠하나네네,https://itunes.apple.com/kr/reviews/id1324905106,2026-02-10,2026-02-10 10:49:07,5,어이없네요,아니 없뎃하고 댓 강화 어쩌구 하더니 답글 막히고 하더니 댓글 정지 695일이다가 731일로 늘었고요 댓글 위반도 안했는데 정지 당했어요,6.0.6,0,0,3
858266085,지니뮤직 - genie,141,13729234614,8PaulIIy,https://itunes.apple.com/kr/reviews/id163382672,2026-02-09,2026-02-09 12:12:47,5,이것좀 고쳐주시면 감사하겠습니다,"몇년동안 지니뮤직 쓰면서 리뷰 한번씩 달면서 모르는것들 같이 덕질하는 분들이랑 같이 알아보면서 너무너무 재밌게 지내고있었는데요, 갑자기 2년동안 응원글이 막힌다는,,? 소식이 들려오는겁니다.. 정말 악플 하나도 안달고 계속 글 아래 불편하시면 죄송합니다, 기분 나쁘게 듣지 말아주세요, 이러면서 썼는데..ㅜ 뭐 한두달 막히는거면 저도 정말 이해할수 있는데요.. 2년은..? 너무하신거 아닙니까ㅠ 뮤비도 티져도 너무너무너무 잘 내주시고 노래도 많아서 잘쓰고 있었는데.. 
정말 같이 덕질하는 분들도 전부 불만족스러워 하시던데요, 저를 대표로 생각하시고 개선부탁드립니다.  ( 많은분들이 멜론으로 가시더라구요ㅠ 개선 안되면 저도 갈아탈수도 있을것 같아요 )",6.0.6,0,0,3
858266085,지니뮤직 - genie,142,13723760074,너무커요,https://itunes.apple.com/kr/reviews/id1254530988,2026-02-08,2026-02-08 01:18:36,1,대댓 못담..,아니 얼마전부터 대댓 왜 못담? 대댓 못 다니까 심심함.. 풀어줘요,6.0.5,0,0,3
858266085,지니뮤직 - genie,143,13722085359,동맹하자꾸나,https://itunes.apple.com/kr/reviews/id203051310,2026-02-07,2026-02-07 15:33:03,3,몇가지 불편사항,"노래 검색이 너무 늦음
검색해서 추가하기 하면 저장하기도 번거로움
노래와 플레이리스트도 나눠져 있어서 불편함
다른 어플은 모르겠지만 여기선 안되는
곡들이나 없는 곡도 있음
생각나서 몇자 적어 봄",6.0.5,0,0,3
858266085,지니뮤직 - genie,144,13719531788,슼/스캐,https://itunes.apple.com/kr/reviews/id1658902137,2026-02-06,2026-02-06 22:53:01,5,ㄱ아니 왜 안되는데ㅠ,아니 갑자기 오랜만에 답글 좀 달아볼려 그랬는데 왜 답글 사용 중지 시키냐고 다른사람들은 695일 중지 당했데요 그래서 크모씨도 접었어요 제가 가장 의지하며 살던애였는데 ㅠㅠ 개선 부탁드려요 하루라도 빨리요 신고도 그냥 좋은말 써도 걍 억까로 3번만 신고 당해도 없어지고 답글 2년동안 못달게 하는것도ㅠㅠ 그리고 뮤직허그 홍보랑 사용방법도 모르는 사람이 너무 많은데 홍보나 사용방법을 좀 돌려야것슴다 아무튼 잘쓰고 있슴니다 개선만 좀 제발요,6.0.5,0,0,3
858266085,지니뮤직 - genie,145,13719326705,리뷰 처음임,https://itunes.apple.com/kr/reviews/id1434066127,2026-02-06,2026-02-06 21:48:35,5,🦴,"정말 다 좋은데 하나 해주셨음 하는게 있어요..
정렬에 최근 추가한 곡 이런거도 넣어주셨으면 좋겠어요! 지니뮤직에 뼈릴 묻겠습니다..♥️",6.0.5,0,0,3
858266085,지니뮤직 - genie,146,13715259427,93jhSong,https://itunes.apple.com/kr/reviews/id535590327,2026-02-05,2026-02-05 19:31:16,2,유사곡 라디오,"웬만하면 리뷰작성 잘 안하는데 이건 좀 심한듯..
유사한 곡이 몇개 들어있지도 않고 심지어 중복되는 곡이 너무 많이들어감 그리고 업데이트 전에는 선택한곡부터 재생됐는데 지금은 그냥 꼴리는대로 재생.. 개편이 심합니다",6.0.5,0,0,3
858266085,지니뮤직 - genie,147,13715160599,절지사랑,https://itunes.apple.com/kr/reviews/id1753540252,2026-02-05,2026-02-05 18:52:16,5,아니 답글 중지 에바임,"사람들 볼수 있게 별 5개 주는데 진짜 1도 주기 아깝네요
전 그저 평범하게 소통만 했는데 몇일만도 아니고.. 이러는게 좀..;",6.0.5,0,0,3
858266085,지니뮤직 - genie,148,13714714412,지니 쉽지 않아요..,https://itunes.apple.com/kr/reviews/id1570780950,2026-02-05,2026-02-05 15:31:07,1,앱 너무 무거움 진짜 하,"원래 멜로 vvip였다가 앱 무거워서 바이브로 바뀌고 지니쓰고 있는데 진짜 너무 번거로움 유사한 곡 선곡하는데 그 곡만 따로 골라 못쓰고 이상한 라디오? 이런 기능 만들어서 아예 다른 플리로 넘어가서 더 귀찮아서 노래 추천받는게 어려움 ㅜ 꼭 그 X 버튼을 눌러야 나갈 수 있는게.. 좀더 부드럽게 리뉴얼 안되나 와 진짜 요금제 때문에 지니썼는데 진짜 도저히 안되겠어서 바이브 그냥 쌩 내 돈 주고 씁니다. 그리고 가사 보고 할 때 아무곳이나 터치해도 나갈 수 있는 부드러운 ui 느낌이 아니어서,, 어떻게 이렇게 무거울수가,, 음악앱 스포티파이도 써봤는데 제일 무겁고 앱 디자인이나 구성도 번잡하고 눈에 안들어와서 노래 듣기도 싫어져요,, 플리랑 플리 이동도 어렵고 ㅜㅜ 사진으로 플리 다 담아주는 것도 무슨 노래방 mr 많이 담아놔서 일일이 다 삭제하고 다시 담고.. 그러면 사진으로 플리 만들어주는 기능 의미가 뭔지.. 조금 더 발전 좀 했으면",6.0.5,0,0,3
858266085,지니뮤직 - genie,149,13708200455,언티랴,https://itunes.apple.com/kr/reviews/id583923979,2026-02-03,2026-02-03 21:06:53,1,개발자님들,"어플좀 ui/ux 개선좀 합시다.
요즘 애플뮤직이니 유튜브니 스포티파이니 해외 음악어플에 꼼짝도 못하고 차라리 국내 3사어플 통합을 하시던가요
지니 멜론 플로? 솔직히 통신사 요금제 때문에 꽁짜로 쓰니까 그냥 쓰는거죠 돈내고 쓰면 절대 안써요",6.0.5,0,0,3
858266085,지니뮤직 - genie,150,13703339551,애주나랃,https://itunes.apple.com/kr/reviews/id939268985,2026-02-02,2026-02-02 12:05:20,1,쓰레기,"악플 잘 안쓰는 편이지만 해도 너무 해서 답니다.
지니는 통신사 할인 받는 거 아니면 쓰지 마세요 특히 애플 유저들 맥북, 아이패드 연동 안되고 제일 짜증나는건 노래 최신화가 굉장히 늦습니다.
지금 2달이 지났는데도 최신화가 안된 곡 들이 있습니다. 또한 검색해서 없는 곡들이 한두개가 아닙니다.",6.0.5,0,0,3
858266085,지니뮤직 - genie,151,13702585546,nodameNIM,https://itunes.apple.com/kr/reviews/id135557773,2026-02-02,2026-02-02 06:50:01,1,배철수 라디오 다시 듣게 해주세요,"서비스 종료라니..
다른 서비스로 안 넘어가는 유일한 이유였는데..
이유가 뭐죠!!!?
더 이상 유지할 이유가 없어졌네요
2월8일에 갈아탈 예정 🥲",6.0.5,0,0,4
858266085,지니뮤직 - genie,152,13700316474,🐠🩵🩵🚪,https://itunes.apple.com/kr/reviews/id1885973792,2026-02-01,2026-02-01 18:30:28,3,만14세미만……,"제가 중1인데 14세미만 이라고 로그인이 안돼더라고요……
그래서 리뷰를 써봅니다.. 물론 그것 빼곤 다 좋은것 같아용!!!!!!!",6.0.5,0,0,4
858266085,지니뮤직 - genie,153,13692697821,누눈나난,https://itunes.apple.com/kr/reviews/id1519727774,2026-01-30,2026-01-30 20:29:17,5,HALCALI,지니뮤직에 제가 듣고 싶어서 옛날 노래를 검색해보면 안 나오는 경우가 수두룩합니다. 옛날 노래 업데이트 좀 부탁드려요. 그리고 HALCALI의 오츠카레 써머 추가해주시면 감사하겠습니다. 다른 점은 다 좋습니다. 아주 잘 사용하고 있어요.,6.0.5,0,0,4
858266085,지니뮤직 - genie,154,13692554386,리뷰 쓰는 멜론빵,https://itunes.apple.com/kr/reviews/id1497020054,2026-01-30,2026-01-30 19:40:24,5,지니뮤직 1년차 유저입니다.,"안녕하세요? 지니뮤직 유저입니다.

말씀 드리기전, 이번 업데이트 정말 유용하다 생각합니다.
개인적으로 제 취향이네요.

그리고 본론으로 들어가자면
띵곡들이 잘 안보입니다.
안보이는 곡들은 제 기준에선 주로 J팝, OST등의 장르입니다.

그리고 커버곡 말고 원곡도 넣어주시면 감사하겠습니다.
가끔 커버곡만 나올때가 있는것 같습니다.

그리고 이건 관계없는 내용이다만, 검색창에 아무리 검색해봐도 노래가 안나옵니다.

외국음악은 그나라 언어로 쳐도 안나올때도 있고요.
오히려 예상치도 못한곳에서 나오는 경우가 가끔 있습니다.

이런것 빼고는 꽤 괜찮은 어플이라고 생각합니다.

이상입니다. 긴글 읽어주셔서 감사드립니다.

앞으로도 쭉 발전하길 바랍니다.",6.0.5,0,0,4
858266085,지니뮤직 - genie,155,13688770404,니똥칼라뿌잉,https://itunes.apple.com/kr/reviews/id676966798,2026-01-29,2026-01-29 19:48:07,2,노래재생 중간에 자꾸 멈추다가 다음곡으로 넘어감,잘듣고있는데 어느순간부터 노래가 중간중간 끊기다가 결국 다음곡으로 넘어가요,6.0.5,0,0,4
858266085,지니뮤직 - genie,156,13683819677,ddineewon,https://itunes.apple.com/kr/reviews/id1264100482,2026-01-28,2026-01-28 11:38:52,5,제발,보시라고 별 다섯개 해놓을게요. 제발 곡 업데이트좀 하세요. 없는 노래(특히 해외 노래)가 너무 많은데 찾아보면 다른 앱에는 있고.. 찾는 노래마다 없는게 짜증나서 갈아탑니다.,6.0.5,0,0,4
858266085,지니뮤직 - genie,157,13677532925,규만두,https://itunes.apple.com/kr/reviews/id1617796571,2026-01-26,2026-01-26 20:16:16,5,정말 애매합니다,"저는 1~2년째 지뮤를 사용하고 있는 5학년 학생인데요 ㅇㄴ 다른앱의 비해서 노래가 좀 없는 것 같아요
AI NECAR , VEM NO PIQUE 등등 
듣고 싶은데요 이상한게 나오고 비슷한데 무언가 애매합니다 이런 것 들만 고쳐진다면 최고의 앱이 될 수 있을 것 같습니다 ㅅ ㅡ ㅅ",6.0.5,0,0,4
858266085,지니뮤직 - genie,158,13673446538,연어와사비,https://itunes.apple.com/kr/reviews/id608245146,2026-01-25,2026-01-25 17:55:06,2,3d음향 효과 사라졌나요?,3d음향에 콘서트홀 효과 애용했는데 사라진건가요?,6.0.5,0,0,4
858266085,지니뮤직 - genie,159,13670553204,ㅠ어나뷰난,https://itunes.apple.com/kr/reviews/id1238117976,2026-01-24,2026-01-24 23:32:18,5,지니뮤직넘좋은데,"재생목록이나 플레이리스트에서 곡을 들을때마다 이상함 만약 노래가 순서대로 1, 2, 3, 4, 5, 6까지 있단치면 1번들으면 2번이 나와야 됬는데 막 5번나오고 3나오고 그럽니다 고챠주세요 이것만 빼면 나머진 다 좋아요!",6.0.5,0,0,4
858266085,지니뮤직 - genie,160,13668584898,알려주십시오,https://itunes.apple.com/kr/reviews/id1588999672,2026-01-24,2026-01-24 10:48:51,5,다 좋은데..,"제이팝,보컬로이드를 즐겨 듣는 사람인데요 유명하지 않은 노래는 없는 곡이 많아서 아쉬운 채로 못 듣는 경우가 많아요 ㅜㅜ 있다고는 해도 커버곡이라서..
그리고 랜덤 재생 해놓으면 말만 랜덤 재생이지 맨날 같은 노래만 랜덤으로 돌려주는 느낌…
이런거 빼고는 다 괜찮아요",6.0.5,0,0,4
858266085,지니뮤직 - genie,161,13657257625,김치피,https://itunes.apple.com/kr/reviews/id1881692630,2026-01-21,2026-01-21 08:46:59,2,음악재생이 안되네요,게임음악 영화 OST있는거 다좋은데 오늘 오류가난건지 음악재생자체가 안되네요,6.0.5,0,0,4
858266085,지니뮤직 - genie,162,13655493533,힝구리퐁퐁퐁풍,https://itunes.apple.com/kr/reviews/id1826718462,2026-01-20,2026-01-20 22:25:04,5,일부로 보라고 5점드려요,"아니 왜 굿나잇 뮤직은 있는데 굿모닝 뮤직은 사라졌어요ㅠㅠㅠㅠ엄청 유용하기 썼는데ㅠㅠㅠㅠ
제발 제 아침의 유일한 구원이에요 되돌려주세요ㅠㅠㅠㅠㅠㅠㅠ",6.0.5,0,0,4
858266085,지니뮤직 - genie,163,13650936094,누구세요들,https://itunes.apple.com/kr/reviews/id1135340356,2026-01-19,2026-01-19 17:31:07,1,노래가 이상하게 들려요,다 좋은데 노래가 지지직 거리고 에어팟이나 차에서 너무 지지직 거림.. 왜 그러는걸까요 전엔 괜찮았는데,6.0.5,0,0,4
858266085,지니뮤직 - genie,164,13650565239,아아아아아아ㅏ아아ㅠㅠㅠㅗㅗ,https://itunes.apple.com/kr/reviews/id1812970096,2026-01-19,2026-01-19 14:26:50,1,노래가 안틀어짐,자꾸 노래가 안틀어지고 다음곡을 재생하라고 하면 코드는 -111이 뜸,6.0.5,0,0,4
858266085,지니뮤직 - genie,165,13642335022,Music. Fuks,https://itunes.apple.com/kr/reviews/id489189383,2026-01-17,2026-01-17 12:06:08,1,서버좀 개선해라,데이터 켜도 맨날 네트워크 문제로 접속오류 뻑나고 일안하냐?,6.0.5,0,0,4
858266085,지니뮤직 - genie,166,13640236073,H.A.LEE,https://itunes.apple.com/kr/reviews/id515017456,2026-01-16,2026-01-16 23:23:15,4,통신사를 변경하면서 오랫동안 써와서 전반적으로 좋으나 개선사항이 있음,통신사를 옮겨가면서 계속해서 지니뮤직만 써와서 전반적으로는 좋습니다. 그러나 아이폰에서 크롬캐스트를 연결할 때 크롬캐스트 화면이 구버전 지니뮤직으로 나오면서 크롬캐스트로 재생이 되지 않는 문제가 있습니다. 그러나 아이패드에서 크롬캐스트를 연결할 때는 정상적으로 재생되는걸 보니 아이폰에서만 발생되는 오류인것 같습니다. 이 부분만 개선되었으면 합니다.,6.0.5,0,0,4
858266085,지니뮤직 - genie,167,13639262649,"…,,,……,",https://itunes.apple.com/kr/reviews/id1879920339,2026-01-16,2026-01-16 17:50:00,3,불편한 점,"안녕하세요, 지니뮤직을 사용하고 있는 사용자입니다. 요즘 제가 겪고있는 불편한 점  두 개를 소개해드리겠습니다.
첫 번째, 재생속도입니다. 한 번씩 노래를 천천히 듣고 싶지만 재생속도가 없어서 듣지 못하고 있습니다. 예전에도 있었지만 지금은 있는지는 모르지만 예전에는 0.5, 1.0 등등밖에 없어서 0.7로 듣고 싶었지만 그러지 못하여서 아쉬웠습니다. 노래 재생 화면에있는 더보기에 유튜브처럼 재생속도를 자기가 원하는대로 조정을 하게 해주시면 좋을 것 같습니다.
두 번째, 외국어 읽는 법 적어주기(해석포함). 한 번씩 자신이 부르고 싶은 노래를 따라부르고 싶지만 읽는 법을 몰라서 노래를 틀고 따라부를려고 하지만 노래가 빠르고 그래서 못 읽는 사람들이 여러명입니다. 그래서 해석과 읽는 법을 그 가사 아래에 작게라도 적어주시면 좋을 것 같습니다. 그런데 실수로  그대로 부르는 사람들이 많을 수도 있으므로 그것도 노래 재생 화면에 있는 더보기에 추가로 넣어주시면 감사하겠습니다.

지금까지 이 글을 읽어주셔서 감사합니다.
                                             -지니뮤직 사용자-",6.0.5,0,0,4
858266085,지니뮤직 - genie,168,13637793864,yejii0430,https://itunes.apple.com/kr/reviews/id1711811423,2026-01-16,2026-01-16 06:57:54,5,가입 단계에서 계속 오류가 발생합니다,"최근 동일 기기/번호에서 탈퇴 이력이 있습니다.
현재는 다른 사용자로 신규 가입을 시도 중이며
인증번호와 보안문자는 정상 완료되나
가입 단계에서 오류가 발생합니다.
재가입 제한 여부 확인 부탁드립니다.",6.0.5,0,0,4
858266085,지니뮤직 - genie,169,13632165841,쿠라스시 1 3,https://itunes.apple.com/kr/reviews/id1841437755,2026-01-14,2026-01-14 20:13:13,4,제이팝에 관한 건의 사항👾🇯🇵,"제이팝을 많이 즐겨듣는데
일본에서 유명한 노래, 보컬로이드 쪽 노래가 많이 없어요
 원곡은 없고 커버곡만 있는 노래들이 왜 이리 많은지🤦‍♀️
 메스머라이저, 모니터링은 도대체 왜 없거나 커버곡만 있어요 ? 
보카 델라 베리타도 커버곡만 있고, 지니에 없는 일본 가수들도 많음🤯
아예 노래가 없는 경우도 너무 많은☠️
 이건 건의 사항인데 곡 제목을 영어명으로만 해놓지 말고 일본어랑 같이 넣어주실순 없나요🥺 영어 제목이면 곡 찾을 때 헷갈려서요
 또 지니 검색기능이 너무 정확도가 떨어져요🥶 곡명이 영어명이면 한글이나 일본어로 검색해도 하나도 안 나오고..그래서 찾기 번거로워요. 차라리 AI를 검색기능에 좀 넣으면 더 나을 것 같은..😓",6.0.5,1,1,4
858266085,지니뮤직 - genie,170,13623181371,이파리Jing,https://itunes.apple.com/kr/reviews/id1692253446,2026-01-12,2026-01-12 08:49:45,5,댓글 신고에 대하여,"안녕하세요? 어릴때부터 지금까지 지니뮤직을 사용하는 지니러입니다. 지니뮤직은 가수의 노래, 프로필뿐만 아니라 매거진까지 볼수 있어서 정말 유용합니다. 그리고 댓글도 있어 팬들과 대화할 수 있습니다. 하지만 최근 댓글들이 오염되고 있습니다. 제 닉네임으로도 알 수 있는데, 전 이세계아이돌이란 버추얼 가수를 좋아하는데, 이세계아이돌 댓글에 멤버들 욕과 ai라고 하고, 가만히 있는 사람한테 패드립과 아주 심한 욕을 쓰는 사람이 있습니다.(닉네임:eun***, 박예삐) 다섯명이 신고해야 댓글이 사라지는데 아무도 자신의 글이 없어졌다고 반성하지 않습니다. 용서하려해도 자기들이 기회를 버리는 심정이죠. 그러니 신고 5번은 하루 입장 불가같이 처벌을 강하게 만들어야한다고 생각합니다.
감사합니다
        이파리Jing 드림",6.0.5,0,0,4
858266085,지니뮤직 - genie,171,13605330839,진심으로쓰는리뷰,https://itunes.apple.com/kr/reviews/id1445672276,2026-01-07,2026-01-07 21:33:04,1,병신같은어플임 kt에서 운영하는 음악회산데,Kt부가서비스 가입해서 연동하는 필수팩으로 이용권 끊는 걸 병신같이 해놧음 하라는거다했음 휴대폰인증했고 다른아이디 없는거 확인햇고 껏다켜봣고 재로그인해봣고 배너 다 봣고 이 병신어플 근데 왜 안 뜨냐고 g포인트 이렇게 연동을 병신같이 하니가 멜론 스포티파이에 쳐말리지 병신어플아 별 1개도 아깝고,6.0.5,0,0,4
858266085,지니뮤직 - genie,172,13604843941,꾹가끾뀨,https://itunes.apple.com/kr/reviews/id1815479451,2026-01-07,2026-01-07 18:46:02,1,Ai랑 얘기하는거 질문 초과 없애주세요,Ai한테 노래 이것저것 물어보다가 갑자기 내일 얘기하라는거예요 그래서 계속 얘기하니까 답은 똑같더라고요 말은 제대로 하지도 못했는데.. 몇번밖에 질문 안했는데 끝나니까 어벙벙하더라고요 이거 없애주셨으면 좋겠습니다,6.0.5,0,0,4
858266085,지니뮤직 - genie,173,13596630444,rosaa🌹,https://itunes.apple.com/kr/reviews/id984591767,2026-01-05,2026-01-05 15:04:12,1,유료 회원인데,"매일 광고팝업 뜨는거 개빡칩니다

광고 팝업때문에
출근길 차에 블투 연결해서 음악 재생할때
꼭 어플을 들어가서 손으로 조작을 해줘야함

그동안 만들어둔 플리가 아까워서 버티고있는데 진심 유튭으로 갈아탈까 고민중",6.0.5,0,0,4
858266085,지니뮤직 - genie,174,13592388536,Kaylee Jeong,https://itunes.apple.com/kr/reviews/id1413273725,2026-01-04,2026-01-04 13:34:18,4,지니차트에 앨범도,"지니차트를 참고해서 노래를 듣는데요, 노래만이 아니라 앨범도 포함되었으면 좋겠어요. 인기있는 앨범들을 참고해서 듣고 싶어서요",6.0.5,0,0,4
858266085,지니뮤직 - genie,175,13591704958,＃dae._.n,https://itunes.apple.com/kr/reviews/id1662391189,2026-01-04,2026-01-04 09:08:13,5,하코의 리뷰 👶🏻💭,"믿어요!!!!
댓글 달려도 삭제할 수 있는거 넘 좋네요💗
더 잘 이용할 듯😗",6.0.5,0,0,4
858266085,지니뮤직 - genie,176,13564397434,Soliina243,https://itunes.apple.com/kr/reviews/id434947469,2025-12-28,2025-12-28 19:09:17,5,이번 업데이트 귀여워요❤️,이전에는 아이콘 바뀌는 기능이 없던거 같은데 크리스마스 아이콘 너무너무 귀엽네오!!! 올해 많이 변한거 같아요 계속 트렌디해졌음 좋겠어요😊❤️,6.0.5,0,0,4
858266085,지니뮤직 - genie,177,13563161391,아이튜뉴녀넟,https://itunes.apple.com/kr/reviews/id901787690,2025-12-28,2025-12-28 10:29:20,5,업데이트 기깔나게 해주셔서 리뷰 수정합니다,할 수 있잖아요!!!!!!!!!! 제가 지니를 사용한 시간이 헛되지 않음에 감사합니다! 믿고 있었지비,6.0.5,0,0,4
858266085,지니뮤직 - genie,178,13556234481,똥밟은똥강아지,https://itunes.apple.com/kr/reviews/id1871401787,2025-12-26,2025-12-26 17:07:26,5,너무너무 좋은데..,재생목록를 순서대로 정리해서 사용하는 사람으로써 기존에는 재생목록을 편집할 때 노래를 위로 드래그하고 기다리다보면 처음에는 천천히 올라가다가 빠르게 올라가서 정리하기 편했는데 이번에 업데이트가 되고 나서는 이 기능이 막혔네요.. 재생목록에 곡을 많이 넣어놔서 정리할 때 시간이 너무 오래걸려요ㅠㅠ 재생목록 편집하기 편하게 빠르게 올라가는 기능을 다시 추가해주시면 너무 좋을 것 같아요,6.0.5,0,0,4
858266085,지니뮤직 - genie,179,13555403978,Jinneeds,https://itunes.apple.com/kr/reviews/id1061985344,2025-12-26,2025-12-26 10:28:17,1,너무구려요,랜덤플레이리스트 선곡부터 UI까지 안 구린 구석을 찾아볼 수가 없다…,6.0.5,0,0,4
858266085,지니뮤직 - genie,180,13541122485,토요일휴식,https://itunes.apple.com/kr/reviews/id766936554,2025-12-22,2025-12-22 12:50:08,1,예전엔 잘 썼지만 현시점엔 별로인 뮤직앱,노래 취향도 더 잘 찾아주고 지니 뮤직에는 없는 노래들도 너무 많아서 스포티파이로 옮겨요,6.0.5,0,0,4
858266085,지니뮤직 - genie,181,13537059698,Restat0903,https://itunes.apple.com/kr/reviews/id1604726809,2025-12-21,2025-12-21 10:37:13,1,검색기능 거지같아요,검색 기능좀 똑바로좀 만드세요 오타 하나라도 나거나 아티스트 이름이랑 노래를 붙여서 검색하거나 하면 노래가 뒤져도 검색이 안돼요 제발좀,6.0.5,0,0,4
858266085,지니뮤직 - genie,182,13533932413,오미대표,https://itunes.apple.com/kr/reviews/id1820215384,2025-12-20,2025-12-20 15:51:38,5,오토믹스 기능도 넣어주세요,몇년째 너무 잘 쓰고 있는 앱입니다!! 최근 오토믹스 기능이 있는 어플들이 인기를 끄는걸 보고 지니유저도 사용해 보고 싶단 생각이 들었네요.. 가능하면 기능 업데이트 해주세용ㅎㅎ,6.0.5,0,0,4
858266085,지니뮤직 - genie,183,13525843894,KTforcedmetouse,https://itunes.apple.com/kr/reviews/id661180972,2025-12-18,2025-12-18 10:06:57,1,Ux ui 개발자 바꾸세요..,"아니 이렇게 불편한 앱은 2000년대에나 볼법합니다… 그냥 음악 셔플 버튼도 안에 숨겨두고, 플레이 리스트에서 음악 삭제하는 버튼은 찾는데 한세월… 잘 모르면 그냥 레이어는 다른 회사꺼 배껴서 그냥 쓰세요…. 제발 부탁이예요. Kt때문에 억지로 쓰는데 참기 너무 힘들어요. 다른데서 오니까 역체감이….",6.0.5,0,0,4
858266085,지니뮤직 - genie,184,13523684060,우영121,https://itunes.apple.com/kr/reviews/id1274480243,2025-12-17,2025-12-17 21:01:01,2,노래 안옮려짐,업데이트 제일 최신걸로 했는데 플레이리스트에 노래가 안옮겨지네요,6.0.5,0,0,4
858266085,지니뮤직 - genie,185,13519895944,JYP____,https://itunes.apple.com/kr/reviews/id1846878468,2025-12-16,2025-12-16 20:17:28,5,겨울 지니 넘 이뻐요,"다른 건 모르겠구 ㅎ 겨울옷입은거 넘 이쁘네요,, 자주 입혀주세요., 어두운게 더 이쁜 것 같어요",6.0.5,0,0,4
858266085,지니뮤직 - genie,186,13519302273,가나다러라ㅏㅇ,https://itunes.apple.com/kr/reviews/id1137121291,2025-12-16,2025-12-16 16:03:47,5,지니뮤직이 제일 좋네요,"완전 장문 리뷰 쓰다가 갑자기 튕겨서 열받앗지만..^^ 꼭 별다섯 리뷰 적고싶어서 다시적습니다
다른 음싸는 데이터로 재생하면 3분따리 곡 하나 듣는데에 열 번씩 끊기고 난리도 아닌데 지니만 그런게 없네요 제 혈압약이 따로없음ㅋㅋ 그것때문에 다른음싸 잠깐 옮겨갔을때 진짜 스트레스 받았었거든요.
최근에 제가 데이터 요금제를 변경해서인지, 어플 자체의 문제인지는 모르겠으나 노래 첫 시작 로딩이 예전보다 좀 걸리긴 합니다만, 그래도 옮길 생각이 없습니다! 왜냐면 다른 음싸는 끊기는것도 모자라 로딩시간도 지니 열배는 기다려야댐..ㅎㅜ 예전엔 지니에 여러 기능이 없었어서 다른 음싸로 옮겨가야되나 고민됐었는데 요즘은 차단 아티스트 기능 취침기능 다 있어서 너무 좋아요. 앞으로 절대 다른 음싸 쓸 일 없을 것 같습니다! 항상 감사합니다. 지니뮤직 직원분들 완전 일잘러☺️☺️",6.0.5,0,0,4
858266085,지니뮤직 - genie,187,13512040564,이줭줭이,https://itunes.apple.com/kr/reviews/id1318618373,2025-12-14,2025-12-14 17:47:57,1,선택곡 반복듣기에 곡 추가할 수 있게 해주세요,"플리같은 거 따로 안 만들고 재생목록에 좋아하는 노래 다 담아두고 그때그때 기분에 따라 선택곡만 듣는데
선택곡으로 구성된 플리 재생 중에 다른 노래 추가할 수 없는 게 불편해요
만약 이미 가능한 기능이라면 해당 기능 가시성이 너무 떨어져서 찾을 수가 옶습니다
제발 개선 부탁드려요 몇 년만에 다시 지니로 돌아왔는데 그대로네요 이거 너무 불편해요",6.0.3,0,0,4
858266085,지니뮤직 - genie,188,13486035356,이유대기,https://itunes.apple.com/kr/reviews/id697318690,2025-12-07,2025-12-07 22:03:21,3,어쩔수없이 지니쓰는중인데,"제발 플레이리스트 곡들 랜덤으로 듣기 설정좀 가능하게 해주세요
매번 비슷한 순서로 들으니 노래가 지겹게 느껴져요",6.0.3,0,0,4
858266085,지니뮤직 - genie,189,13484464244,사용자081010,https://itunes.apple.com/kr/reviews/id1532972299,2025-12-07,2025-12-07 12:09:53,4,이 기능 좀 만들어주세요,잘 쓰고 있는데 타 음악 어플은 가사 누르면 그 가사로 이동 가능하던데 그 기능 넣어주세요 특정 가사 부분을 들을 방법이 없네요,6.0.3,0,1,4
858266085,지니뮤직 - genie,190,13472771508,고치라면좀고치세요,https://itunes.apple.com/kr/reviews/id1676894859,2025-12-04,2025-12-04 13:09:34,5,아니 테마 왜이럼,요번년도 5월달부터 지니뮤직 쓰고 일ㄴ느데 갤러리 정리 하다가 예전 지니ㅜ뮤직 테마? 봤는데 그땐 가사 글자 색깔도 파랑색이얏구 테마도 흰색이여서 그때가 더 예쁜데 왜 지금은 음악 표시 색깔? 그걸로 바뀐건지 이해가 안 감ㅜㅜ 그 전이 더 이쁜뎅…. 이 점 때곤 다 좋은데 그냥 설정해서 막 테마 옛날버전 사용하기 이런 거 잇엇으ㅡ면좋갯다ㅠㅠㅠ제발려ㅠㅠ,6.0.3,0,0,4
858266085,지니뮤직 - genie,191,13466794287,쭈야 짱,https://itunes.apple.com/kr/reviews/id205889240,2025-12-02,2025-12-02 23:20:10,4,검색 기능에 건의 사항 있어요.,일단 잘 쓰고 있어요. 근데 건의하고 싶어요. 다른 음원 사이트에 옮겨오거나 다른 곳에서 본 선곡들 한꺼번에 플레이 리스트에 넣을 수 있게 곡목록 이미지를 넣어서 검색해서 플레이 리스트에 한번에 넣을 수 있는 기능이 있으면 좋겠어요!!,6.0.3,0,0,4
858266085,지니뮤직 - genie,192,13453003722,김승민아내입니다,https://itunes.apple.com/kr/reviews/id1370895983,2025-11-29,2025-11-29 10:42:00,5,뭐임 이거,아니 이거 왜 이럼? 내것만 그런지 모르겠는데 플레이리스트를 틀면 순서대로 안 틀어지고 밑에 있는게 나왔다가 위에 노래가 나왔다가 이거 왜 이러는거임,6.0.3,0,0,4
858266085,지니뮤직 - genie,193,13450130711,살고싶다 간곡하게,https://itunes.apple.com/kr/reviews/id1861051344,2025-11-28,2025-11-28 18:51:20,3,페이스북 로그인 안되네요,지니야.. 형이 지금 휴대폰이 고장나서 다른휴대폰 구해서 유심끼고 노래들으면서 출근할려고 지니 다시깔아서 기쁜마음으로 출근할려는데 로그인이 안된다는경우는 무슨 말이냐… 심지어 비밀번호 찾기도 안되고 다 안된다 지금 진짜 너 덕분에 노래를3일연속 못듣고있다 차에서 이런식으로 나랑 비“지니”스를할거면 난 유ㅌㅂ 프리미엄으로 간다잉? 형 후회없다 시간 내일까지 준다 어떻게든 페이스북 로그인 문제 해결하고 sns 로 계정 로그인 안될때에 대한 해결방안을 제시하고 하루빨리 움직여라 페이스북 로그인 지니 활성화인상태인데도 안되는거다 괜히 지금 화가나서 타자를 200자 이상 쓰는것도 아니고 어떻게든 해결하고 내가 알기론 내일11.29결제날인걸로 알고있는데 당장 내일까지 시간줄게 안되면 환불때리고 뒤도 안돌아보고 당차게 ㅇㅌㅂ로간다이 분명 이야기했다 조치해라,6.0.3,0,0,4
858266085,지니뮤직 - genie,194,13447153458,코즈사랑녀,https://itunes.apple.com/kr/reviews/id1860776162,2025-11-27,2025-11-27 23:09:10,2,태블릿이랑 재생목록 연동이 안 돼요,스마트폰에서 재생목록에 노래를 추가하면 태블릿에는 추가가 안 돼요.. 그래서 재생목록 동기화 하려고 하면 1000곡으로 제한되어 있고요.. 태블릿이랑 스마트폰이랑 잘 연동되면 좋겠네요,6.0.3,0,0,4
858266085,지니뮤직 - genie,195,13442424721,새해엔 떡국,https://itunes.apple.com/kr/reviews/id521121397,2025-11-26,2025-11-26 17:30:24,1,똑같은 노래만 반복,노래가 2천곡이 넘는데 매일 똑같은 노래만 자꾸 너와요 매일 ㅋ 제발 ㅋㅋ 개발 좀요,6.0.3,0,0,4
858266085,지니뮤직 - genie,196,13421780827,자갈치100,https://itunes.apple.com/kr/reviews/id1599564359,2025-11-21,2025-11-21 06:36:00,5,만둘어쥬세용,어제 깔고 진짜 좋다고 느낍니다!! 음질도 최고!!!!! 근데 제가 필요하다고 느낀 점은 위젯 플레이리스트 바로틀기 그런거 만들어줬움 합니다 지니 뮤직 최고,6.0.3,0,0,4
858266085,지니뮤직 - genie,197,13420587214,doksami,https://itunes.apple.com/kr/reviews/id508303423,2025-11-20,2025-11-20 23:31:08,1,스포티파이 잡아먹어야지,"kt요금제로 앵벌이하지말고
좀 어케좀 해봐

이따구 서비스하고 안쪽팔리냐",6.0.3,0,0,4
858266085,지니뮤직 - genie,198,13408548676,hwangsihu,https://itunes.apple.com/kr/reviews/id1354716527,2025-11-17,2025-11-17 19:09:41,3,VoiceOver 및 음질 관련 이슈,"다 좋은데 v6.0.0 이후부터인가 플레이어 화면 UI를 VoiceOver에서 탐색하면 음질이 안 보이는데 수정이 가능할까요? 안그래도 메뉴 레이블링이 제대로 안되어있는데 불편한 게 더 불편해진 것 같네요.

아 그리고 AAC 320k 음원이 없으면 MP3 320k가 아니라 AAC+로 전환되거나 FLAC 음원이 없으면 AAC 320k가 아니라 MP3 320k로 전환되는 문제와, FLAC에서 16-bit인지 24-bit 96khz인지도 표시 되지 않는 문제도 수정 가능한지 알고 싶습니다.",6.0.3,0,0,4
858266085,지니뮤직 - genie,199,13403619645,구구팔팔구구칠,https://itunes.apple.com/kr/reviews/id304491415,2025-11-16,2025-11-16 12:48:07,1,카톡 닮아가나,왜 매번 새로고침 하는 건지 그리고 그 때마다 재생 순서가 초기화되는 건지 모르겠네요.,6.0.3,0,0,4
858266085,지니뮤직 - genie,200,13395439124,˚₊‧꒰ 미쯔 🩵 ꒱˚₊‧,https://itunes.apple.com/kr/reviews/id1451578728,2025-11-14,2025-11-14 13:57:20,5,˚₊‧꒰ა키ᩚ씨의 솔직 리ᩚ뷰໒꒱˚₊‧,"안녕하세요오 𝟹년정두 바다로 활동중인 유저입니다.ᐟ.ᐟ
얼마전에 업데이트한 지니가 너무 마음에 들어요 ૮ ꜆.  ̫. ꜀𓏼 ྀིა
그런데 너무 친목질이 많은 것 같습니다,,
예를 들어 플레이리스트에 ""밤쟈"", ""솥"", ""밤리"", ""밤태"" 이런 단어가 쓰이지 않도록 재업뎃 부탁드려욜,,",6.0.3,0,0,4
858266085,지니뮤직 - genie,201,13391884423,dymm255,https://itunes.apple.com/kr/reviews/id1846734775,2025-11-13,2025-11-13 16:58:56,1,제발 개선 좀 부탁드려요 하,"아니 업데이트 하고 곡추가 하면 재생목록 [노래]에는 맨 위에 추가되는데 [MY]에 만들어놓은 플레이리스트에는 자꾸 맨 아래로 추가돼서 너무너무너무 불편해요 하..
노래 여러곡 선탯해서 자유롭게 위치 이동도 안돼서 일일이 하나하나 다 옮겨야되고;;;
업데이트 후 짜증나서 노래도 잘 안 듣고 있어요
지니 UI에 익숙해져서 사람들이 다른 음악 어플 좋다해도 안 갈아타고 6년째 사용중인데 제발 하루 빨리 이부분 개선 좀 부탁드려요....ㅠ
추가로 삭제버튼도 사라져서 너무 번거로워요
왜 업데이트가 사용자들을 더 불편하게 만드는건지.. 최근 리뷰도 보면 다 업데이트 관련 얘기던데 빠른 시일내에 개선 됐으면 합니다",6.0.3,0,0,5
858266085,지니뮤직 - genie,202,13387651990,해리포터좋아하는사람,https://itunes.apple.com/kr/reviews/id1337209021,2025-11-12,2025-11-12 14:59:18,5,뮤직허그,"지니 쓴지 4년? 정도 됐는데 뮤직허그 덕분에 친구도 많이 사귀고 지니 친구들과 대화 하면서 우울증상이 사라진것 같아요 너무 좋긴하지만 뮤직허그를 켤 때 인스타처럼 친한친구 기능을 만들었음해요 그리고 뮤직허그 초대 할 때나 팔로워, 팔로잉 목록을 볼 때 이름 검색을 할 수 있으면 좋겠어요",6.0.3,0,0,5
858266085,지니뮤직 - genie,203,13387649065,어뿅,https://itunes.apple.com/kr/reviews/id1147939882,2025-11-12,2025-11-12 14:57:57,2,감다뒤,"검색할때마다 진짜 너무 답답해요 
똑같은 제목이고 똑같은 가수여도 보통 요즘 뜨는 노래를 맨 먼저 뜨게 하지 않나요..? 그리고 보통 몇글자만 검색해도 나오는데 여긴 진짜 제목 다 입력하고 가수도 같이 적어서 입력해도 한참 찾아야함.. 대중적이지 않는 음악은 더 오래 걸리는듯 그동안 몰랐는데 멜론과 유튜브 뮤직이 얼마나 일을 잘하는지 알 수 있었습니다",6.0.3,0,0,5
858266085,지니뮤직 - genie,204,13374648537,t@dpwgt,https://itunes.apple.com/kr/reviews/id545437616,2025-11-09,2025-11-09 11:02:05,1,로그인이 안되요ㅡㅡ 페이스북 다 켜져있는데 무슨 비활성화 어쩌고,장난하나,6.0.3,0,0,5
858266085,지니뮤직 - genie,205,13367901602,빵꾸뿡쁑이,https://itunes.apple.com/kr/reviews/id125935189,2025-11-07,2025-11-07 22:02:57,3,"곡 순서 편집 방법, 앨범 곡 최대 1000곡 불편합니다.","순서를 바꾸고 싶은 곡을 과거에는 여러개 선택하면 아래로 위로, 맨 위로, 맨 아래로 버튼이 생성돼서
여러개 잡고 이동할 수 있었는데 지금은 한 곡만 이동할 수 있고 그것도 드래그 방식이라 더 불편합니다. 
그리고 앨범 저장곡도 최대 1000곡은 좀 불편합니다. 2000곡 정도로 늘려주면 좋겠습니다.",6.0.3,0,0,5
858266085,지니뮤직 - genie,206,13365766839,😺😼😻,https://itunes.apple.com/kr/reviews/id1469846725,2025-11-07,2025-11-07 08:43:54,1,.,페북으로 로그인 했는데 노래가 재생이 제대로 안되서 삭제히고 다시 깔았더니 계정이 연동이 안된다고 하고 계속 시도해도 안된다고하고 무제한으로 하는데 복구안하면 돈은 다날라가는거고 다시 할수있는 있는방법도 없음;;,6.0.3,0,0,5
858266085,지니뮤직 - genie,207,13358823864,gkrud1118,https://itunes.apple.com/kr/reviews/id685325774,2025-11-05,2025-11-05 17:37:51,5,플리 수정,플레이리스트 수정할때 렉걸려여 ㅜㅜ,6.0.3,0,0,5
858266085,지니뮤직 - genie,208,13351584217,mu_zin,https://itunes.apple.com/kr/reviews/id1112949053,2025-11-03,2025-11-03 23:30:42,3,글쎄 노래재생 화면에서 타이머 맞출 수 있게 해달라니깐..,제발여ㅜㅠ 4번 눌러야 되는 서비스는 너무 귀찮아요ㅜ,6.0.3,0,0,5
858266085,지니뮤직 - genie,209,13350520371,지니뮤직최고,https://itunes.apple.com/kr/reviews/id1130011220,2025-11-03,2025-11-03 18:27:53,5,수정 들어주셔서 감사합니다,재생목록 삭제 및 편집기능이 돌아왔더라구요. 들어주셔서 감사합니다 저 정말 지니 오래 쓰고 있는데 앞으로도 계속 정착하고 싶어서 그랬어요 ... 앞으로도 잘 부탁드려요 ^_^👍,6.0.3,0,0,5
858266085,지니뮤직 - genie,210,13344705581,성부와성자와성녕의이름으로아멘,https://itunes.apple.com/kr/reviews/id1586426705,2025-11-02,2025-11-02 10:33:30,1,.,안녕하세요 지니뮤직 사용안한지 몇달이 되었는데 저는 분명히 구독을 끊었거든요? 그래서 결제가 안되어야하는데 자꾸 돈이 빠져나가구요 왜 그런지 이유를 앱에다가 달았더니 아직 중학생인 제가 이해를 못해서 무슨말인지 하나도 모르겠습니다. 이렇게 해서 나간돈이 수두룩 빽빽한데요. 진짜 왜 나가는건지 모르겠어요. 그냥 이거 전화를 드려서 제가 아예 끝내야하는건가요? 답변 부탁드려요 지금 자꾸 지니 쓰지도 않는데 나가니까 화나네요.,6.0.3,0,0,5
858266085,지니뮤직 - genie,211,13341080273,흐규ㅗ,https://itunes.apple.com/kr/reviews/id301020216,2025-11-01,2025-11-01 16:34:29,5,아 세상 편하네,이렇게만 일햐다오~,6.0.3,0,0,5
858266085,지니뮤직 - genie,212,13338442642,익명의 꽃잎,https://itunes.apple.com/kr/reviews/id1820748954,2025-11-01,2025-11-01 00:47:54,3,순서가 이상해요,제가 플레이 리스트 만들어 둔게 있는데 아니 그거 순서대로 안틀어지고 자꾸 다른 곡으로 틀어집니다. 순서가 뒤죽박죽 된것 마냥요. 이거 고쳐줬으면 좋겠어요 ㅜㅜㅜ 오늘 아침까지만 해도 안그랬는데 왜이러는지 모르겟네요 .. 빠르게 고쳐주시면 감사하겠습니다!,6.0.3,0,0,5
858266085,지니뮤직 - genie,213,13337953927,y_juned12,https://itunes.apple.com/kr/reviews/id1244453787,2025-10-31,2025-10-31 22:43:06,5,다좋은데..,이번 업데이트는 정말 잘했다고 생각합니다.그런데 원래는 노래를 배속할 수 있게 되어 있었는데 지금은 배속이 안되서 좀 불편하네요,6.0.3,0,0,5
858266085,지니뮤직 - genie,214,13331768364,jae gyeong,https://itunes.apple.com/kr/reviews/id739618340,2025-10-30,2025-10-30 10:53:39,1,재생목록 편집 그만 쳐 고쳐라,"적당히 업데이트해야지 결국 제자리로 돌아올거면서 왜 고치는거임
카톡처럼 일하려고 하지말고 걍 가만히 좀 있어라",6.0.3,0,1,5
858266085,지니뮤직 - genie,215,13328101086,와-오,https://itunes.apple.com/kr/reviews/id1796647293,2025-10-29,2025-10-29 15:05:48,1,없는 노래가 너무;;,"K-pop 듣는 사람들은 상관 없을 것 같긴 한데 외국 노래 같은거 듣는  사람들은 멜론 이나 스포티 파이 쓰는 게 나을 것 같아요. 없는 노래가 너무 많아서. 막힌 것도 많고.
그리고 자동 스트리밍 방지가 진짜;;
책읽으면서 노래 듣는데 갑자기 노래 끈켜서 확인해 보니 자동 스트리밍 방지 더라고요;;",6.0.3,0,0,5
858266085,지니뮤직 - genie,216,13327304804,양파속동심원,https://itunes.apple.com/kr/reviews/id1390126922,2025-10-29,2025-10-29 09:35:32,2,unknown,노래가 자꾸 unknown으로 떠요… 저장공간 확보했는데도ㅠ,6.0.3,0,0,5
858266085,지니뮤직 - genie,217,13324816031,물먹는개구리,https://itunes.apple.com/kr/reviews/id1448646412,2025-10-28,2025-10-28 20:56:10,5,재생목록편집,재생목록편집기능복구돼서좋아요ㅎㅎ,6.0.3,0,0,5
858266085,지니뮤직 - genie,218,13321107464,ㅇ러냔,https://itunes.apple.com/kr/reviews/id1808187503,2025-10-27,2025-10-27 23:15:25,1,갈아탐,노래 가사도 틀리고 오류 ㅈㄴㅈㄴ많이생김 너무 불편함 갈아탈게요 걍,6.0.3,0,0,5
858266085,지니뮤직 - genie,219,13316921370,그냥 평범한 한국인,https://itunes.apple.com/kr/reviews/id1540834267,2025-10-26,2025-10-26 23:41:56,5,진짜 잘 쓰고 있긴한데,"지니 2년째 사용 중인 중학생 유저입니다. 다름이 아니라 기능을 하나 추가했음 해서 하는데, 전체메뉴>라이프>“굿나잇”만 있잖아요, 근데 “굿모닝”도 있음해서요. 아침에 내 플레이리스트를 들으머 깨어나거나, 추천 뮤직 들으면서 일어나고 싶어요. 의견 반영되면 좋겠네요ㅎㅎ",6.0.2,3,3,5
858266085,지니뮤직 - genie,220,13305633230,멍구몽구스,https://itunes.apple.com/kr/reviews/id180663557,2025-10-24,2025-10-24 08:42:23,1,앱이 안열려요,"아이폰 업데이트
이후에 앱이 안열ㄹ려요.
진짜 오랫동안 사용한 사용자인데..  지금 앱이 안열려서 돈내고 듣지를 못하고 있는데.. 진짜 다른데로 갈아타야 히나......",6.0.2,0,0,5
858266085,지니뮤직 - genie,221,13302304006,별우주가람,https://itunes.apple.com/kr/reviews/id1824960072,2025-10-23,2025-10-23 14:19:56,1,플레이리스트 편집기능 복구하라구요,내 플레이리스트 노래 순서 편집도 막히고 삭제도 안되는데 방치한지 두달 넘었습니다 조치 안하나요?,6.0.2,0,0,5
858266085,지니뮤직 - genie,222,13297105045,모닝465,https://itunes.apple.com/kr/reviews/id989250642,2025-10-22,2025-10-22 07:29:05,2,불편해짐..,"이상하게 업데이트 되고나서부터 플리수정,삭제 등등 너무 불편함..",6.0.2,0,0,5
858266085,지니뮤직 - genie,223,13294082299,엑소아니면 시작도 안했는데,https://itunes.apple.com/kr/reviews/id808859768,2025-10-21,2025-10-21 15:31:55,5,노래 순서,순서 체크해서 같이 올리고 내리고 하는거 없어졌나요?ㅠㅠ 돌려주세요 ㅠㅠ,6.0.2,0,0,5
858266085,지니뮤직 - genie,224,13292941621,왹빵,https://itunes.apple.com/kr/reviews/id1572466119,2025-10-21,2025-10-21 07:45:57,1,업데이트왜안해요?,아니적어도플리삭제는돌려주셔야죠;,6.0.2,0,0,5
858266085,지니뮤직 - genie,225,13291098064,시발년들 뒤져라,https://itunes.apple.com/kr/reviews/id1548895520,2025-10-20,2025-10-20 22:42:16,5,개좋음,플리 삭제 안된다는 사람들 개멍청함,6.0.2,1,2,5
858266085,지니뮤직 - genie,226,13285833139,hw00417,https://itunes.apple.com/kr/reviews/id155724632,2025-10-19,2025-10-19 17:43:40,1,마이플레이리스트 삭제기능,삭제기능을 없애면 어떡하자는거죠 플리에 잘못넣었는데 삭제하는 기능이 영원히 없음 앱오류인줄 알았는데 몇달내내 삭제기능 복구 업데이트 안해줌 빨리해주세요,6.0.2,0,0,5
858266085,지니뮤직 - genie,227,13285120596,앱라 영역,https://itunes.apple.com/kr/reviews/id881717044,2025-10-19,2025-10-19 13:08:22,1,플레이리스트,편집이 안되는데요.. 삭제한다고 눌렀으면 삭제가 돼야하는 거 아니냐며.... 오류 에바센 ~,6.0.2,0,0,5
858266085,지니뮤직 - genie,228,13275818600,JJJJONG2,https://itunes.apple.com/kr/reviews/id555882835,2025-10-17,2025-10-17 08:45:30,1,마이 플레이리스트 에서,삭제 어디갔나요,6.0.2,1,1,5
858266085,지니뮤직 - genie,229,13275197235,1996bin,https://itunes.apple.com/kr/reviews/id1190070038,2025-10-17,2025-10-17 04:53:37,1,스포티파이로 넘어갑니다,"2015년 엠넷부터 쓰다가 
지니뮤직으로 합병후 
약 3년정도 욕하며 쓰다가 더는 발전이없는 UI 덕분에 외국기업으로 넘어갑니다 
Kpop중심이 주가되는 지니뮤직은 저랑 맞지않는것 같아서요",6.0.2,0,0,5
858266085,지니뮤직 - genie,230,13273944689,쨣,https://itunes.apple.com/kr/reviews/id1287109754,2025-10-16,2025-10-16 22:56:14,3,플리 랜덤재생 만들어주세요ㅜㅜ,제가 못찾는건지 모르겟는데 랜덤재생 버튼좀 만들어주세여,6.0.2,0,0,5
858266085,지니뮤직 - genie,231,13273191470,Wq951353,https://itunes.apple.com/kr/reviews/id536108452,2025-10-16,2025-10-16 19:15:13,1,병신앱,뵹신앱,6.0.2,0,1,5
858266085,지니뮤직 - genie,232,13271715062,솔직립뷰,https://itunes.apple.com/kr/reviews/id452262530,2025-10-16,2025-10-16 09:22:04,1,유튜브 오류나서 사용하려다가,빨럼들 유튜브 오류나서 케이티 무료쿠폰 사용하려다가 등록하는곳이 없어서 해매니까 유튜브 오류 해결됐다 이 빨럼들아,6.0.2,0,0,5
858266085,지니뮤직 - genie,233,13269940165,ㅋㄴㄹㅎ호용ㅅ농,https://itunes.apple.com/kr/reviews/id270577156,2025-10-15,2025-10-15 23:56:07,1,삭제 기능 당장 돌려놔라,지니 5년 썼는데 무슨 플레이리스트에 삭제기능을 넣냐 안빼면 이번달만 쓰고 멜론으로 갈아타버린다 ㅈㄴ 열받아서 해지 걸어놨다 생각 잘 해라,6.0.2,1,1,5
858266085,지니뮤직 - genie,234,13265588006,짜증납니딩,https://itunes.apple.com/kr/reviews/id1840502624,2025-10-14,2025-10-14 23:20:47,1,페이스북 로그인 안됨,대체어찌해결???,6.0.2,0,0,5
858266085,지니뮤직 - genie,235,13256200822,이월십일,https://itunes.apple.com/kr/reviews/id466479379,2025-10-12,2025-10-12 18:33:52,1,10년 넘게 썼는데 타사로 옮깁니다,"이제 이거 개선해달라 저거 수정해달라 언급할 가치도 정도 없음
하루라도 빨리 갈아타는게 정신건강에 좋음",6.0.2,0,0,5
858266085,지니뮤직 - genie,236,13255842832,jenoclqm,https://itunes.apple.com/kr/reviews/id1428284809,2025-10-12,2025-10-12 16:27:24,5,해지 및 환불,제가 정기결제로 설정해 둬서 돈이 자동으로 빠져나갔는데 환불 되는건가요? 어제 자동이체 되었다고 뜨는데 환불된다면 해주세요,6.0.2,0,0,5
858266085,지니뮤직 - genie,237,13251443654,♥︎★♡☆,https://itunes.apple.com/kr/reviews/id1842528606,2025-10-11,2025-10-11 16:15:21,4,제발 sickick - Mind Games 넣어주세요..,sickick이란 가수의 응원글만 들어가봐도 거의 다 마인드게임 노래 들으러 왔는데 없다는 말과 불만이 많아요.. 저도 마찬가지고요 노래를 추가해주시긴 할 건지 아니면 왜 안 넣는지 좀 알려주시고 된다면 빠르게 추가해서 유저들이 들을 수 있게 해주세요,6.0.2,1,1,5
858266085,지니뮤직 - genie,238,13245176160,유잼유댐,https://itunes.apple.com/kr/reviews/id501028511,2025-10-10,2025-10-10 03:16:57,1,업데이트 감다뒤;,설정에는 재생목록 추가 시 맨 앞 또는 맨 뒤 추가만 가능한데 재생목록에 있는 노래를 플레이리스트에 넣을때는 자동으로 맨 아래로 넣어져서 스크롤을 맨 아래로 내려야돼서 불편해요. 플레이리스트에서 바로 곡 삭제 하는 기능도 없어지고.. 지니 앱을 실제로 사용하지 않는 개발자가 업데이트 하는건가요? 왜 사용자에게 더 불편한 방향으로 업데이트 하는건가요?,6.0.2,1,1,5
858266085,지니뮤직 - genie,239,13242786037,파밀리엔으1,https://itunes.apple.com/kr/reviews/id1841724328,2025-10-09,2025-10-09 14:45:01,1,플레이리스트 수록곡 편집,왜 바로 안 되게 바꼈는지 이해 X,6.0.2,1,1,5
858266085,지니뮤직 - genie,240,13242457615,djkesw,https://itunes.apple.com/kr/reviews/id692009025,2025-10-09,2025-10-09 12:23:53,2,삭제기능,재생목록에는 삭제 있는데 플리에는 왜 없앤거 .. 수록곡편집으로 들어가도 검색도 못하고 하나하나 찾아야해요 너무 불편함 보이는거보다 좀 더 편하게 할 방법을 찾아주셔야 할듯 지니 10년 넘게 쓰고있는데  불편하게 업데이트 될때마다 엥 스러움,6.0.2,1,1,5
858266085,지니뮤직 - genie,241,13240725905,푸른삭ㄱ,https://itunes.apple.com/kr/reviews/id1841537594,2025-10-09,2025-10-09 02:04:25,1,별 반개는 없나요? 4년 썼습니다,"한번에 정리해드릴게요

케이팝 아이돌들 빠@실분들은 지니가 최고겠죠 당연히 ㅋㅋㅋㅋㅋ
내 오빠 언니들 순위 올려주고 
감성 최고치 올려주는데 
저같아도 당연히 예뻤을거같음
내가 듣는게 그거밖에없으니까

근데 저처럼 기존에 이미 다양하게 이미 듣고있던 사람들은 왜 이딴 피해를 봐야하는데요? 
편집이라면서 삭제라는 모션은 왜 없애시는지 진짜 이해가 안가요

여태 불편해도 
내가 너무 사랑하는 플레이리스트 있으니 그냥 썼지만 
더 추가하고싶어도 매번 없다고하고 
있던것도 없애고
걍 한번 불편하고 옮기려고요

처음에 말했듯 저는 지니 4년 썼고
저는 20대 초반 여성입니다
전 좀 고지식한편이라 불편해도 
그냥 좋은게 좋은거다 하고 
넘기는 편 입니다

그래도 욕 좀 하고 리뷰 좀 남기고 딴데 옮길라고요
진짜 짜증나요 
왜저러는지 모르겠어요",6.0.2,0,0,5
858266085,지니뮤직 - genie,242,13238136300,아니정말진짜,https://itunes.apple.com/kr/reviews/id1632804488,2025-10-08,2025-10-08 11:42:30,1,수록곡 편집,왜 불편하게 바꾼건데 좀 이따구로 업뎃할거면 뭐 손대지마 제발,6.0.2,1,1,5
858266085,지니뮤직 - genie,243,13225452799,진짜돌려내,https://itunes.apple.com/kr/reviews/id1384558709,2025-10-05,2025-10-05 14:08:13,5,곡좀더추가해주세요,아니있는곡이너무적어요 한국노래만주구장창추가하지말고 외국노래제발쫌 기능추가할바에 노래더추가하세요,6.0.2,2,2,5
858266085,지니뮤직 - genie,244,13223785836,느갭 최종학력 피자스쿨,https://itunes.apple.com/kr/reviews/id967944093,2025-10-05,2025-10-05 03:54:29,1,내앨범 수정(삭제) 다시 돌려놔라,뒤지기 싫으면,6.0.2,0,1,5
858266085,지니뮤직 - genie,245,13223564847,포도동통통통통,https://itunes.apple.com/kr/reviews/id1832676761,2025-10-05,2025-10-05 02:51:15,5,이번업데이트너무너무이뻐요ㅠㅠ😍,"진짜 업데이트된거 노래 가사 창도 너무 이쁘고 그냥 너무 감다살..😍 
적게 일하시고 많이 버세요🫰🏻🍀💓❤️",6.0.2,1,1,5
858266085,지니뮤직 - genie,246,13221648893,반짝이는나비,https://itunes.apple.com/kr/reviews/id496842311,2025-10-04,2025-10-04 18:08:06,1,내 플레이리스트에 삭제 기능 왜 없앴나요?,돌려주세요 휴지통 어딨어요!,6.0.2,0,0,5
858266085,지니뮤직 - genie,247,13218451011,곕인,https://itunes.apple.com/kr/reviews/id571946430,2025-10-03,2025-10-03 23:48:31,1,아니왜 곡저장하면 밑으로내려가,"원래는 플레이리스트 저장해서 내음악 들어가면 맨 윗줄부터 저장이되는데
갑자기 맨밑으로 내려가요ㅡㅡ 
빨리 개선좀해주세요",6.0.2,0,0,5
858266085,지니뮤직 - genie,248,13216576695,힝구빙구링구링,https://itunes.apple.com/kr/reviews/id584971360,2025-10-03,2025-10-03 13:47:19,1,로그인,"페이스북 로그인이안됩니다
앱이 비활성화 되어 있다고 하네요
그럼 다른 방안으로 로그인 할 수 있게 해줘야하는데 방법이 없네요?",6.0.2,0,0,5
858266085,지니뮤직 - genie,249,13216522766,시간떼우는걸로,https://itunes.apple.com/kr/reviews/id478282559,2025-10-03,2025-10-03 13:25:37,1,아니 삭제 기능 왜 없앤거죠,"재생목록에 좋아하는 노래 리스트로 빼놓는데, 삭제 기능이 없으니 잘못 넣은 노래를 뺄수도 없고 그렇다고 그 많은 노래를 새로운 폴더로 만들어서 넣기도 번거롭고,,, 삭제기능은 왜 빼신건지 이유를 들어볼까요? 삭제 기능 다시 안넣어주시면 지니뮤직 10년이상 들었는데 유튜브로 이동할까 합니다. 고객 유지는 다른것 없습니다. 기존 기능만 그대로 두시면 유지입니다.",6.0.2,2,2,5
858266085,지니뮤직 - genie,250,13216518005,간이역,https://itunes.apple.com/kr/reviews/id117994693,2025-10-03,2025-10-03 13:23:43,1,ios26.0.1 아이폰과 ios26.0.2 애플워치 테스트 하셨나요?,지니뮤직 아이폰에서 재생할 때 애플워치에 지금재생중에 뜨지를 않아요. 특히 모듈페이스에 지니뮤직 재상해도 애플워치에 재생되는 곡명이 안떠요. 앱 업데이트 하셔야 할거 같아요.,6.0.2,0,0,5
858266085,지니뮤직 - genie,251,13214623666,0ㄱ,https://itunes.apple.com/kr/reviews/id511806121,2025-10-03,2025-10-03 02:26:05,1,개구려,"전에 쓴 리뷰 지웠나?
여튼 이제 욕할 힘도 없음
걍 안 쓸련다 넘 구려서
몇년만에 다시 쓰려한 내가 멍청했음
ㅂㅂ",6.0.2,0,1,6
858266085,지니뮤직 - genie,252,13208388241,피드백백백,https://itunes.apple.com/kr/reviews/id1253345517,2025-10-01,2025-10-01 18:31:28,5,플레이리스트에 최신순,최신순 없어요 왜? 노래 추가추가해서 많아지면 밑으로 쭈욱 내린다음에 노래선택해서 들어야되는데 플레이리스트 편집에 최신순도 추가해주시면 좋겠어요,6.0.2,1,1,6
858266085,지니뮤직 - genie,253,13206359646,나뚜껑열렸다,https://itunes.apple.com/kr/reviews/id1111669954,2025-10-01,2025-10-01 06:15:00,5,아이폰 갤럭시처럼 미리듣기 만들어주세요,정말 시급합니다 빠른피드백 기대할게요 지니짱 .ᐟ,6.0.2,0,0,6
858266085,지니뮤직 - genie,254,13203134250,nejdkdmfn,https://itunes.apple.com/kr/reviews/id972964306,2025-09-30,2025-09-30 13:31:47,1,절대쓰지마셈,가끔 재생도안되고 먹통되는데 너무 화나서 역류성 식도염이 생길지경임 제발쓰지마,6.0.2,0,1,6
858266085,지니뮤직 - genie,255,13199385141,이나라의어른이,https://itunes.apple.com/kr/reviews/id733080871,2025-09-29,2025-09-29 17:01:43,5,이번 업데이트 별 다섯개 드립니다,"지니 홈 화면 보고싶은 것만 설정할 수 있어서 좋고 탑100아니고 원하는 장르만 볼 수 있어서 좋고 자주 듣는 음악 바로 들어갈 수 있는 것도 좋고 ai검색도 좋고 눈 안 좋아서 실 눈 뜨고 봤는데 가사 크기 커진 것도 좋고 취향별로 배경화면 바꿀 수 있는 것도 좋고 무엇보다 그냥 더 쉽고 예뻐졌어여 개선 되었으면 하는 점은 어디서든 쉬운 플리 편집이나 (내가 설정한 배경화면 내에서 플레이리스트 들어가기 좀 번거로워요) 플리 비공개 설정이나 네ㅇ버로 음악 찾는 것 처럼 음악 검색 잘 되게끔 해주세용(가사, 노래제목)",6.0.2,4,5,6
858266085,지니뮤직 - genie,256,13199098505,앨리스!,https://itunes.apple.com/kr/reviews/id679698155,2025-09-29,2025-09-29 14:59:59,1,제 리뷰를 삭제하셨네요?,"내 플리에 음악 추가하면 맨 위로 올라가게 설정했는데 계속 맨 아래로 추가가 됩니다
셔플을 돌리면 나오는 노래만 계속 나옵니다 제발 노래 추가할때 맨 위에 뜨게 하세요 이건 언제 바뀌나요?",6.0.2,0,0,6
858266085,지니뮤직 - genie,257,13198846431,어뤤지지2,https://itunes.apple.com/kr/reviews/id223107137,2025-09-29,2025-09-29 13:10:43,1,가사 폰트 크기... 폰트체 진짜 감다죽 ㅠ,"멜론말고 지니를 선택한 이유가 있었는데...그게 이유를 점점 더 지워내는듯....^^
가사 폰트 크키 제일 작은게 이 크기 실화인가요... 할머니 핸드폰으로 트로트 튼 줄 알구 깜짝 놀랐어요....
폰트 자체도 너무 구린데 크게 봐야하니까 더 구린 기분.... 수정해주세여 젭알..... ㅠㅠ",6.0.2,0,0,6
858266085,지니뮤직 - genie,258,13198790000,수수바,https://itunes.apple.com/kr/reviews/id637039391,2025-09-29,2025-09-29 12:46:30,1,삭제버튼 만들어주세요,"어디갔나 한참 찾았네 왜 일을 두 번 하게 만드세요? 플리에서 바로 수정할 수 있게 해야지 내음악까지 들어가서 삭제라니요,,",6.0.2,0,0,6
858266085,지니뮤직 - genie,259,13196423551,P ART Y,https://itunes.apple.com/kr/reviews/id555453996,2025-09-28,2025-09-28 23:55:30,1,"리뷰 두 번, 문의 다섯 번 이상","페이스북 계정의 연동 서비스 제공을 중단했으면 계정 완전 이전을 해주던가, 돈은 정기적으로 빼가는데 로그인이나 비밀번호 찾기를 전부 불가능하게 만들어놓곤 뭐 어쩌라는 겁니까? 문의 하면 동문서답이나 하고 있질 않나",6.0.2,0,0,6
858266085,지니뮤직 - genie,260,13195054056,므앍,https://itunes.apple.com/kr/reviews/id1644307950,2025-09-28,2025-09-28 17:12:24,1,업데이트 취소해주세요 ㅈㅂ...,"자동 업데이트도 꺼놨고 업데이트 누른적도 없는데 갑자기 지멋대로 업데이트 됐는데 이 버전 불편하고 전 버전에서 잘 쓰고있던 기능들(수록곡편집, 검색창 검색기록, 곡 앨범커버 위에 있던 상세보기, 라디오창 등등..) 다 없어져서 좀 별로입니다.. 전 버전이 디자인도 심플하고 쓰기도 훨씬 편한데 하지도 않은 업데이트로 강제로 새 버전 쓰고있습니다..",6.0.2,0,1,6
858266085,지니뮤직 - genie,261,13194112943,옥탑방냥이,https://itunes.apple.com/kr/reviews/id1471707006,2025-09-28,2025-09-28 11:01:33,4,이것만 바꾸면 만점인데요..,지니뮤직이 최근에 업데이트 한 후에 편집을 눌러도 노래들 위치 이동이 안돼요.. 노래를 앨범별 차례대로 분류를 해놓는데 이제 그게 안되네요.. 그 부분은 제발 고쳐주세요!! 그리고 노래 삭제가 안돼요..!! 그래서 노래 위치 이동과 노래 삭제 기능만 넣어주시면 너무 행복할 것 같아요.. 부탁입니다!!!!,6.0.2,1,1,6
858266085,지니뮤직 - genie,262,13191010075,옼희돜희요,https://itunes.apple.com/kr/reviews/id479004693,2025-09-27,2025-09-27 19:09:19,2,재생 화면 UI 왜 바꾼 거죠,재생 화면 색 어두워진 거 진짜 별로네요 화이트 톤 좋았는데.. 블랙이랑 화이트 중에 선택할 수 있게 해주든지.. 가사 폰트 크기도 너무 커져서 안예뻐요 못생겼어요,6.0.2,0,0,6
858266085,지니뮤직 - genie,263,13190307163,Jess12345bbj,https://itunes.apple.com/kr/reviews/id1524772565,2025-09-27,2025-09-27 14:54:05,1,넘 아쉽네요…,전에는 지니 뮤직이 무료였는데… 갑자기 유료가 됬어요!,6.0.2,0,1,6
858266085,지니뮤직 - genie,264,13188049256,콩고왕자아들,https://itunes.apple.com/kr/reviews/id678275423,2025-09-27,2025-09-27 01:39:22,1,플레이리스트 편집,재생목록 플레이리스트 편집기능에서 원래는 노래 삭제 버튼이 있었는데 사라져서 굉장히 불편해요,6.0.2,0,0,6
858266085,지니뮤직 - genie,265,13187502264,민드이,https://itunes.apple.com/kr/reviews/id682007522,2025-09-26,2025-09-26 23:18:46,2,유사곡 추천,유사라디오 말고 유사곡 추천 어디갓나요 하 진짜…,6.0.2,0,1,6
858266085,지니뮤직 - genie,266,13186115586,ㄱㅇㄹㄱㅇㄹㄱㅇㄹㄱㄹㄹ,https://itunes.apple.com/kr/reviews/id1369340445,2025-09-26,2025-09-26 16:01:36,3,듣고싶지 않은 노래 제외할 수 있게 해주세요,빠른선곡 기능을 잘 쓰는데 듣고싶지 않은 노래가 나오는걸 막을수가 없어서 나올때마다 매번 넘겨야해서 불편해요 ㅠㅠ,6.0.2,0,0,6
858266085,지니뮤직 - genie,267,13186102096,yujin5579,https://itunes.apple.com/kr/reviews/id1289924723,2025-09-26,2025-09-26 15:56:02,1,업데이트 개최악,진짜 멜론 따라해요? 개못생겨짐 감다뒤졌네 원래 훨씬 예쁘고 보기도 편하고 깔끔해서 지니 계속 사용했는데 뭐죠 이 거지같은 업데이트는,6.0.2,0,0,6
858266085,지니뮤직 - genie,268,13185250552,…@…?..,https://itunes.apple.com/kr/reviews/id1827126957,2025-09-26,2025-09-26 10:10:41,4,My재생목록에서 곡 편집-선택 삭제가 너무 불편해졌어요,업데이트 이후로 재생목록 편집이 왜 이렇게 불편해졌을까요 ㅠㅠ ??재생중인 My플레이리스트에서 곡을 바로바로 지울 수가 없고 내음악 들어가서 곡 찾아서 지워야되는데 너무 불편합니다 (순서 편집도 마찬가지..),6.0.2,1,1,6
858266085,지니뮤직 - genie,269,13185044793,전선수,https://itunes.apple.com/kr/reviews/id202096094,2025-09-26,2025-09-26 08:54:07,1,10년넘게 쓰고있는데,"삭제 버튼은 왜 바뀐건지??
와 진짜 불편",6.0.2,0,0,6
858266085,지니뮤직 - genie,270,13181687763,Testuser9645,https://itunes.apple.com/kr/reviews/id508143513,2025-09-25,2025-09-25 15:23:20,1,플리 잘못 담긴 곡 어떻게 지워요,"UI/UX가 계속 이상하게 변경되어도  그래도 꾸준하게 썼으니까 참고 그냥 쓰고 있었는데 편리성은 커녕 점점 불편함만 커지는 것 같아요. 직접 개발하시는지 아님 외주 맡기시는지 모르겠지만 정말 불편해요.

플레이스트에 다른 노래가 잘못들어갔는데 어떻게 삭제하죠? 편집 선택해도 삭제 버튼은 어디다 두신걸까요?",6.0.2,0,0,6
858266085,지니뮤직 - genie,271,13181149356,싱뉴이,https://itunes.apple.com/kr/reviews/id1505798668,2025-09-25,2025-09-25 11:54:17,4,타임머신,이제 한달 전 이전으로는 타임머신 기능이 제공되지 않나요?,6.0.2,0,0,6
858266085,지니뮤직 - genie,272,13178743141,qiwodhb,https://itunes.apple.com/kr/reviews/id976018630,2025-09-24,2025-09-24 23:06:30,1,재생목록 편집 기능 불편합니다.,재생목록 편집을 왜 따로 분리시켜놨나요. 재생|편집 하면 기본적으로 사람들은 여기에서 삭제나 음원 순서 편집 기능이 있다고 생각하지 않을까요. 저는 점 세개 여기를 눌러야 삭제와 플레이리스트 순서 정렬이 되는지 이제야 알게되었습니다. 여러가지 기능들을 한 화면에 표시하기엔 많아서 분리시킨 것 같은데 재생목록에서 이걸 한 번 더 따로 클릭해야지만 편집되는 게 번거로운 ux라고 생각합니다.,6.0.2,0,0,6
858266085,지니뮤직 - genie,273,13173134599,이름뭐하냐이것도안된대,https://itunes.apple.com/kr/reviews/id1683579605,2025-09-23,2025-09-23 15:31:58,4,가사가 한박자 빨라요,"노래와 다르게 가사가 한박자 빨라서 보기 불편합니다
업데이트 이후로 이렇게 된 것 같습니다
가사를 보면서 노래를 들을 때(특히 빠른 노래일 수록 노래와 가사 거의 안맞음) 너무 불편해요
고쳐주시면 감사하겠습니다",6.0.2,0,0,6
858266085,지니뮤직 - genie,274,13172757534,ㅃ버냐나너녀어다낸,https://itunes.apple.com/kr/reviews/id1070457276,2025-09-23,2025-09-23 12:51:16,2,인터페이스가 업뎃할때마다 불편해져요,재생목록 > my 탭에서 바로 삭제할 수 있는 기능도 없애고 바로 순서 바꿀 수 있는 기능도 없애고 재생목록 > 노래 부분에서는 일괄로 묶어서 순서 바꾸는 기능도 없앰 갈수록 기능이 없어지는데 불편해서 쓰겠나요 인터페이스 못생겼어도 기능 편해서 썼었는데 그나마 있던 기능도 차례차례 다 없애니까 불편해서 토할것같습니다,6.0.2,0,0,6
858266085,지니뮤직 - genie,275,13171764492,dmdtj,https://itunes.apple.com/kr/reviews/id966992263,2025-09-23,2025-09-23 06:34:52,1,재생목록 편집 탭에서 도대체 삭제왜없앤거임,"도저히 이해해보려해도 이해가안가네
My 재생목록 에서 편집누르면 원래 바로 삭제있었는데 쓰잘데기 없이 선택취소 이딴거 넣지말고 삭제버튼이나 만들어주세요",6.0.2,0,0,6
858266085,지니뮤직 - genie,276,13166293846,gomahaeramaimuddaaiga,https://itunes.apple.com/kr/reviews/id424505736,2025-09-22,2025-09-22 00:25:05,2,언제부턴가 재생 음질 표시가 사라짐,"최근 업데이트 이후로 재생 음질(AAC+, MP3 320K, AAC 320K 등) 표시가 안 됨. 뭔가 숨기고 싶은건지.",6.0.2,0,0,6
858266085,지니뮤직 - genie,277,13164215966,먐디지지,https://itunes.apple.com/kr/reviews/id835935164,2025-09-21,2025-09-21 13:23:29,4,글씨 크기 조정 부탁드립니다,많은 업데이트를 같이 해온 유저로써 1배 가사크기가 너무 커져 가사 보는게 많이 불편해졌습니다. 전 글씨크기를 1로 재변경 해주시거나 0.5배 글씨크기를 만들어주세요 부탁드립니다,6.0.2,0,0,6
858266085,지니뮤직 - genie,278,13163770744,nncherry53,https://itunes.apple.com/kr/reviews/id245579650,2025-09-21,2025-09-21 10:39:08,1,UI 변경으로 해지합니다.,5년 넘게 이용중인데 최근 앱 업데이트 후 플레이리스트 곡 삭제가 너무 불편해서 애플뮤직으로 이사갑니다. 문의도 여러번 했지만 고객의 목소리를 듣지 않네요. 수 많은 사용자들이 동일한 불편을 호소하는데도 어처구니 없는 개선으로 갈음하고 많이 아쉽습니다. 그동안 잘들었어요.,6.0.2,0,0,6
858266085,지니뮤직 - genie,279,13160378855,나는 한화 팬:) 문동주,https://itunes.apple.com/kr/reviews/id1629733096,2025-09-20,2025-09-20 17:30:25,5,완전좋다🫶🏻근데,"저는 초5학생인데 노래부르는게 정말 좋은 감성(??)학생이에요. 그래서 아이패드 깔때부터 멜론, 지니 썼는데. 지니 DJ 추천 업뎃 담엔 멜론은 지웠어요,, 멜론 근황은 모름. 그리고요 음질 품질 좋아요.
만족스럽네요!! 근데 이번업뎃 좋은점 개선점 알려드릴려고욧                         일단 좋은점은 이 ai 디제이 완전 조음 그리고 추천곡 사랑해요 정말 추천곡에서 제 최애곡 3개 찾았어욧 감사해요 나쁜점은 뭐냐면 갑자기 재생목록 갑자기 다~~ 사라졌어요 그리고 뮤비 아이콘 사라졌는뎅?? 이거 어떻게 다시 돌ㄹ려내주셰요이상이상 빠이",6.0.2,4,5,6
858266085,지니뮤직 - genie,280,13159855335,밍구해,https://itunes.apple.com/kr/reviews/id1187839249,2025-09-20,2025-09-20 14:15:41,1,노래 삭제,하다 하다 노래 삭제를 검색해봐야 알 수 있는,6.0.2,0,0,6
858266085,지니뮤직 - genie,281,13159551038,시ㅎㅕㄴ니,https://itunes.apple.com/kr/reviews/id1808923812,2025-09-20,2025-09-20 12:16:23,4,지니뮤직,노래는 완벽한데 노래에서 다음곡 하니까 지멋대로 노래 틀어줘서 4점 고쳐주세요,6.0.2,1,1,6
858266085,지니뮤직 - genie,282,13159370585,딩티딩,https://itunes.apple.com/kr/reviews/id951251856,2025-09-20,2025-09-20 11:10:44,2,노래추천,"즐겨듣는 노래를 기반으로 새로운 곡을 추천해주는 게 아니라 들었던 노래, 플리에 있는 노래를 다시 몇개 모아서 추천하는 건 뭔가요?
이해할 수가 없어요.

가수 이름을 클릭하면 그 가수 메인 페이지로 가도록 해주세요.
너무 불편합니다.

곡 검색 시 정확도 순이 아니라 인기순으로 검색 되도록 부탁드려요. 정말 불편해요.

불편한 게 너무 많아요.",6.0.2,0,0,6
858266085,지니뮤직 - genie,283,13159152264,뚜뚜🩶,https://itunes.apple.com/kr/reviews/id1833946643,2025-09-20,2025-09-20 09:53:01,3,노래가 끊겨요,"업데이트 되고 나서 버버벅 거리면서 노래가 끊겼다 다시 나오는게 반복돼요 끊겼다가 다시 노래가 나오면 엄청 빨라졌다가 원래대로 돌아와요
데이터 문제라기엔 데이터가 무제한이여서 한번도 이런적이 없는데 지니 업데이트 한 이후로 계속 이래요ㅠ",6.0.2,0,0,6
858266085,지니뮤직 - genie,284,13157828470,버그또있네,https://itunes.apple.com/kr/reviews/id1127891953,2025-09-20,2025-09-20 02:21:51,4,재생곡 음질 확인 어디감?,"원래 곡 재생하면 플레이어 화면 위쪽에 재생음질, 돌비애트모스 이런 정보가 떳었는데 왜 사라졌나요
빨리 돌려놓으세요",6.0.2,1,1,6
858266085,지니뮤직 - genie,285,13156930714,둥8219,https://itunes.apple.com/kr/reviews/id557947480,2025-09-19,2025-09-19 22:26:53,1,"내 플리에서 노래 삭제 방법 전으로 재변경 부탁해요 안 바뀌면 2주 뒤 멜론으로 바꿉니더,,",플리곡 삭제 방법 바뀐 거 정말 우우 👎🏻,6.0.2,0,0,6
858266085,지니뮤직 - genie,286,13155501383,별명은 필요 없습니다,https://itunes.apple.com/kr/reviews/id1485037477,2025-09-19,2025-09-19 14:01:05,4,플리 편집이 안 돼요,내 음악 플레이리스트 편집이 갑자기 안 됩니다. 원래는 내 플레이리스트 들어가서 편집 누르고 곡 선택하면 밑에 5개 중에 4번째에 삭제가 떴어서 삭제할 수 있었는데 이제 다운으로 바뀌어서 플레이리스트에서 노래를 삭제할 수가 없어요. 이거 왜 이런가요? 인터넷 검색해봐도 답이 안 뜨고.. 일주일 전쯤 업데이트 하고 뭐가 바뀐건가요? 알려주세요,6.0.2,0,0,6
858266085,지니뮤직 - genie,287,13155428237,wjdgy03,https://itunes.apple.com/kr/reviews/id539902193,2025-09-19,2025-09-19 13:29:21,1,멀쩡한 앱 다운그레이드가 웬말..,"이걸 업데이트랍시고 한건지.. 진짜 짜증나게바뀜 

플레이리스트 바로 수정하는걸 도대체 왜 없앤건지 상식적으로 이해불가 

내음악 들어가서 고칠수있는거 다 아는데 바로 수정할 수 있게 ‘진짜’ 업데이트 해주세요 다운그레이드말고요",6.0.2,0,0,6
858266085,지니뮤직 - genie,288,13151876076,다 사용중이냐 아무거나 좀 되라고,https://itunes.apple.com/kr/reviews/id1803909970,2025-09-18,2025-09-18 18:07:07,4,조금만 더 싸면 ㅜ,다좋음 근데 가격이좀 싸면 ㅎㅎㅎㅎ,6.0.2,0,0,6
858266085,지니뮤직 - genie,289,13151081809,크ㅋㅋ,https://itunes.apple.com/kr/reviews/id187839705,2025-09-18,2025-09-18 12:28:42,1,불편하다,"특히 목록 삭제기능이 불편하다
한곡을 삭제하려면 전페편집을 눌러서 곡을 찾아서 선택해서 삭제해야 한다
재생중 목록은 삭제못한다
목록에서 선택도 한곡씩 선택해서 삭제해야한다
이건 현업이나 기획자가 뮤직앱안쓰고 라디오듣는사람인것 같다
ai기능도 없다 아니 있는거같은데 ai라고 할수있는건가?
리뷰중에 퇴화중이라는말이 맞는듯",6.0.2,0,0,6
858266085,지니뮤직 - genie,290,13150380970,리뷰왕경민,https://itunes.apple.com/kr/reviews/id1533573707,2025-09-18,2025-09-18 07:54:14,5,최고입니다.,요금제도 좋고 음질 품질또한 너무 좋아요. 원래 가족과 같이 쓰다가 유튜브 프리미엄 요금제 사용하게 되면서 유튜브 뮤직이 공짜라서 썼다가 다시 돌아왔는데 음질 자체가 다릅니다. 너무 고급지고 만족스럽네요.,6.0.2,1,1,6
858266085,지니뮤직 - genie,291,13149165531,조어ㅏ요,https://itunes.apple.com/kr/reviews/id1658079796,2025-09-18,2025-09-18 01:16:42,1,아니,원성이 많아서 업데이트 한거 같은데 여전히 정말 뭣같네요. 플리 수정 바로 되게 해주세요 너무 불편하고 귀찮아요,6.0.2,0,0,6
858266085,지니뮤직 - genie,292,13148622831,줍줒둦,https://itunes.apple.com/kr/reviews/id590016140,2025-09-17,2025-09-17 22:52:22,1,업뎃 이후로 플리 안 노래가 계속 중복돼요,"셔플을 돌리면 이미 나온노래는 알아서 걸러져서 나왔는데 이젠 몇번이고 계속 나옵니다ㅜ 어떻게 해결하나요… 저만 듣는게 아니라 다같이 들어야하는건데 수동으로 걸러야해서 너무 불편합니다

+업뎃 해도 여전히 나온노래 또나오고 또나오고..ㅜㅠ 방법이 있으면 알려주시고 방법이 없으면 제발 고쳐주세요 플레이리스트를 셔플 돌렸는데 왜 계속 곡이 중복됩니까…..",6.0.2,0,0,6
858266085,지니뮤직 - genie,293,13148112293,콩비니언트,https://itunes.apple.com/kr/reviews/id557751031,2025-09-17,2025-09-17 20:31:02,1,노래 삭제 기능,노래 삭제 기능 왜 없앴나요????? 불편해 죽겠어요 ㅠ,6.0.2,0,0,6
858266085,지니뮤직 - genie,294,13147977034,ㅈㄴㅈㄴㅈㄴㅁ,https://itunes.apple.com/kr/reviews/id763447779,2025-09-17,2025-09-17 19:48:20,5,재생목록 편집,"재생목록에서 음악 하나 삭제하려고 하는데 왜 다 안되나요 좀 고쳐라 예전부터 이러던데요;; 편집탭을 눌러도 안되고 옛날처럼 노래 목록에서 슬라이드로 삭제 가능하게 만들고 없는 노래 좀 제발 다시 들여와라. 
지니만 쓰고 있는데 들으려고 하면 없고 잘 듣던 노래도 사라지고 뭔일이고 부탁 좀 드립니데이",6.0.2,1,1,6
858266085,지니뮤직 - genie,295,13146286156,감자 숭배남,https://itunes.apple.com/kr/reviews/id1312008844,2025-09-17,2025-09-17 08:22:23,5,고쳐주세요,좋아요 음악도 많고 근데 이미지로 곡 추가 할때 그 앨범 곡으로 추가 됐으면 좋겠어요 꼭 개선 해주세요,6.0.2,0,0,6
858266085,지니뮤직 - genie,296,13144167404,개쌉구려,https://itunes.apple.com/kr/reviews/id730315094,2025-09-16,2025-09-16 21:19:28,1,노래 옮기는거,편집 상태에서 노래 위치 옮길 수 있는거 어떻게 해요? 전엔 있었는데,6.0.2,0,0,6
858266085,지니뮤직 - genie,297,13142737243,아니이거왜안돼에,https://itunes.apple.com/kr/reviews/id1424254276,2025-09-16,2025-09-16 11:29:29,3,뭐가 문젠지,"300곡이 들어있는 플리를 듣는데 자꾸 첫 곡이 나옵니다. 300곡이먼 3분으로 잡는다 쳐도 15시간입니다 .. 노래 많이 들어봐야 하루 네 시간인데 하루 한 번씩 들리는게 말이 안되는데요.
그리고 플리 재생하면 맨 앞 곡이 첫 곡으로 나오는거 왜 이렇게 한건가요? 이럴거면 랜덤으로 설정하는 의미가 없습니다. 가장 좋아하는 곳 맨 앞에 둬도 몇 번 확정적으로 듣다보면 질려서 플리 틀고나서 첫 곡은 넘기게 됐습니다. 어차피 좀 이따 다시 나오겠지만요",6.0.2,0,0,6
858266085,지니뮤직 - genie,298,13140750089,개거지같우,https://itunes.apple.com/kr/reviews/id463456699,2025-09-15,2025-09-15 23:46:04,3,편집기능,"왜자꾸 퇴화하는걸까요 편집 기능에 선택시 삭제 버튼이 뜨던거 왜 바꿨는지? 듣던 노래 삭제 하고싶은데 제 그룹 내에서 삭제를 못해요 왜? 진짜 한번 뭐 할때마다 누구 의견으로 변경 하는 것인가요 기획자가 기획력이 부족하신가? 뭔가를 해야하니까 시도하신건지? 무슨 생각으로 개선 아닌 레거시를 만드시는건가요? 개발자분은 이게 맞다고 생각하세요? 의견을 수긍 하신건가요?? 뭘 개선하려고 업뎃한건지 모르겠네 ㄹㅇ 다운그레이드
왜 삭제를 수록곡 편집까지 들어가서 해야하킄지 도저히 이해가 안됨 ux거지같습니다 누구의 경험으로 수정 된건지.. kt 10년 가까이 사용한 사람으로서 지니도 그정도 사용한거 같은데 왜 갈수록 진화가 아닌 퇴화해요

제가 이 리뷰를 좋은 방향으로 수정할 수 있게 업데이트가 되었으면 좋겠네요",6.0.2,0,0,6
858266085,지니뮤직 - genie,299,13140557667,ㅡㅡ228,https://itunes.apple.com/kr/reviews/id1464192316,2025-09-15,2025-09-15 22:51:48,1,뭔놈의 노래 삭제기능도 없냐,"진짜 해지한다 이번엔.
평생 쓸일 없을듯",6.0.2,0,0,6
858266085,지니뮤직 - genie,300,13140531664,해체해라,https://itunes.apple.com/kr/reviews/id1610985015,2025-09-15,2025-09-15 22:44:29,5,랜덤 기능 있었으면 좋겠어요,내가 만든 플레이 리스트의 곡 순서 편집에 랜덤 기능이 있었으면 좋겠어요.,6.0.2,1,1,6
858266085,지니뮤직 - genie,301,13131683502,눕둥이,https://itunes.apple.com/kr/reviews/id603284564,2025-09-13,2025-09-13 18:08:04,5,"재생목록 편집 아쉬움,,!","안녕하세요 지니유저임당 재생목록 편집이 너무 복잡해요 그리고 삭제버튼이 바로뜨거나 스와이프 삭제되는 간단한 그런,,, 방법이면 좋을 것 같아용",6.0.2,1,1,7
858266085,지니뮤직 - genie,302,13128147128,공쥬♡,https://itunes.apple.com/kr/reviews/id1141810308,2025-09-12,2025-09-12 20:52:53,2,플레이리스트 삭제하는 거 왜 바꿨나요???,업데이트를 하려면 좋은 쪽으로 바꿔야지 왜 더 불편하게 바꾸시는지..? 다시 전처럼 해주세요 ㅠ 써본 스트리밍 어플 중에 접근성이 제일 안 좋네요;;;;,6.0.2,1,1,7
858266085,지니뮤직 - genie,303,13126742069,dhdfafahajqtwje,https://itunes.apple.com/kr/reviews/id1014537649,2025-09-12,2025-09-12 10:44:43,1,업그레이드,"타 어플들은 업그레이드를 하는데 왜 지니만 자꾸 다운그레이드를 하나요 
써보긴 하고 업데이트를 하시는건지 정말 궁금합니다",6.0.2,0,0,7
858266085,지니뮤직 - genie,304,13125179667,닥식이,https://itunes.apple.com/kr/reviews/id1586080056,2025-09-12,2025-09-12 00:49:03,1,진짜 겁나 좋았는데,왜 갑자기 업데이트 하고 나서 플리 틀면 왜 순서대로 안 틀어지고 막무가내로 순서 상관없이 틀어지나요? 진짜 겁나 스트레스 받네요. 차리리 업데이트 안 했으면 좋았겠어요 이 버그? 고쳐지기 전까진 지니뮤직 안 쓸 것 같네요,6.0.2,1,1,7
858266085,지니뮤직 - genie,305,13124595770,토끼토끼🥹,https://itunes.apple.com/kr/reviews/id1672452055,2025-09-11,2025-09-11 21:56:51,5,안녕하세요 발로넘어감 입니다,그 유령님 제가 너무 흥분했나봐요 패드립하고 원래는 안그러는데 너무 욱했나봐요 사과합니다 정말 죄송합니다 만약 진짜 신고하시면 가겠습니다.정말 죄송합니다 프로필 비고개하고 앞으로 댓글 안달겠습니다 죄송합니다,6.0.2,0,0,7
858266085,지니뮤직 - genie,306,13123901341,aari1021,https://itunes.apple.com/kr/reviews/id302044121,2025-09-11,2025-09-11 17:42:29,5,곡 삭제하는 UX가 이상해요..,"곡 삭제를 왜이렇게 숨겨두셨을까요? 사용자 입장에서 좀 생각해주세요. 
진짜 불편함……….. 1년 사용했는데 다른앱으로 옮겨갑니다..",6.0.2,1,1,7
858266085,지니뮤직 - genie,307,13122616030,당신내가사랑해,https://itunes.apple.com/kr/reviews/id1155884810,2025-09-11,2025-09-11 07:52:08,1,원상복귀하세요,My playlist 기능 원상복귀시키세요 My playlist에 있던 음악 삭제 기능 왜 없애는겁니까? 당장 음악 삭제 기능 추가하세요,6.0.2,0,0,7
858266085,지니뮤직 - genie,308,13120213406,강다래생물킹,https://itunes.apple.com/kr/reviews/id280824269,2025-09-10,2025-09-10 18:07:27,1,UX따윈 하나도 고려하지않은 업데이트,"저번엔 선택재생곡 순서못바꿧는데
이번엔 순서바꾸는거 빼곤 다안되네
선택재생곡 몇개선택해놓고
몇곡더 추가하려면 아예 다시 선택해야되고
특정곡만 빼는것도 안되고
기획자랑 UX디자이너님… 고민좀 더 깊게해주세요
제발 여러곡 선택재생기능좀 하
노래많아서 검색으로 선택재생하려하면 한곡 ㅊ크하면 검색이 안돼요",6.0.2,0,0,7
858266085,지니뮤직 - genie,309,13119924451,휘히호호,https://itunes.apple.com/kr/reviews/id1823542094,2025-09-10,2025-09-10 15:55:30,1,업데이트 이전으로 돌려주세요,수록곡 편집으로 넘어가는거 자체가 별로라고요… 아니면 수록곡 편집에서 검색이라도 되게해주세요… 이대로면 그냥 다음엔 갈아탈래요,6.0.2,0,0,7
858266085,지니뮤직 - genie,310,13119306968,내심기거스르지마,https://itunes.apple.com/kr/reviews/id1442851268,2025-09-10,2025-09-10 11:06:15,5,플레이리스트 곡삭제,재생할때 바로 전에는 음악 삭제가 됬는데 이제메뉴를 누르고 수록곡편집에서 삭제해야되는게 너무 불편하고 효율성도 없는것 같아요.. 원래대로 바꿔주심 안되나요?,6.0.2,0,0,7
858266085,지니뮤직 - genie,311,13117567750,아이고야아아아,https://itunes.apple.com/kr/reviews/id285698492,2025-09-10,2025-09-10 00:17:42,2,재생목록-MY에서 음악삭제 메뉴 다시 돌려주세요.,재생목록-MY에서 음악삭제 메뉴 다시 돌려주세요. 편집을 통해 음악 삭제가 되던것이 갑자기 안되네요 ㅡㅡ,6.0.2,0,0,7
858266085,지니뮤직 - genie,312,13116787366,잉일이응,https://itunes.apple.com/kr/reviews/id302774502,2025-09-09,2025-09-09 20:22:17,1,음악 삭제,진짜 뭐같이도 바꿔놨네..,6.0.2,0,0,7
858266085,지니뮤직 - genie,313,13116623216,흰강아지,https://itunes.apple.com/kr/reviews/id177281264,2025-09-09,2025-09-09 19:22:35,1,이이폰 페북 로그인 지원 안하는,쓰레기앱,6.0.2,0,0,7
858266085,지니뮤직 - genie,314,13115689991,빈빈빈빈비니빈,https://itunes.apple.com/kr/reviews/id1301741730,2025-09-09,2025-09-09 12:10:11,1,재생목록 곡 삭제,재생목록에서 노래 삭제하려는데 삭제가 안 떠요 개선해주세요 불편해요,6.0.2,0,0,7
858266085,지니뮤직 - genie,315,13115460647,으토니,https://itunes.apple.com/kr/reviews/id436113148,2025-09-09,2025-09-09 10:32:08,1,마이플레이리스트 수정이 안됨ㅡㅡ,추가만 되고 삭제할라니 없음 수정점 해주셈,6.0.1,0,0,7
858266085,지니뮤직 - genie,316,13115446735,쪼옴!!!,https://itunes.apple.com/kr/reviews/id872847408,2025-09-09,2025-09-09 10:26:26,1,업뎃 고쳐놔줘요,아니 my에서 음악 삭제도 안되고 편집누르면 노래 순서고 바꾸고 그랬었는데 전혀안됨 내음악 들가서 일일이 바꾸는것도 겁나불편하네요 진짜 장기사용자였는데 사용하고싶은맘 확 떨어짐 매우불편함 남은기간만 사용하고 갈아탐요 ㅂㅂ,6.0.1,0,0,7
858266085,지니뮤직 - genie,317,13112983461,ㅂㅁㄷㅇㅇ,https://itunes.apple.com/kr/reviews/id495123161,2025-09-08,2025-09-08 20:01:58,1,Iphone 8plus,아이폰 8플러스에서 아에 실행조차 되지 않음,6.0.1,0,0,7
858266085,지니뮤직 - genie,318,13112402641,0다,https://itunes.apple.com/kr/reviews/id591378770,2025-09-08,2025-09-08 15:44:19,1,업뎃 원래대로,아니 my에서 노래 삭제랑 순서변경 다시 되게 만들어주세요.. 진짜 거의 10년째 지니 이용중인데 너무 불편해요 이번 업뎃,6.0.1,1,1,7
858266085,지니뮤직 - genie,319,13109949664,부리토,https://itunes.apple.com/kr/reviews/id543916563,2025-09-07,2025-09-07 23:56:28,1,UI UX의 중요성을 이 앱으로 배움,"안 좋은 예시들 잘 배워 갑니다
다른 앱으로 갈아탈게요
너무 불편해서 쓰지 못하는 앱
이렇게 경험해보네요",6.0.1,0,0,7
858266085,지니뮤직 - genie,320,13109919118,므ㅓ지이거,https://itunes.apple.com/kr/reviews/id991388921,2025-09-07,2025-09-07 23:47:50,5,삭제기능,리뷰 보시라고 별 다섯개 남겨요 재생목록에서 삭제기능을 없애시면 어떡합니까... 한번 터치하면 삭제 되는 걸 여기저기 여러번 들어가서 삭제하게 바꾸고 번거롭게 해놔요 무슨 ㅠㅠ 이러면 지니 쓸 이유가 없어요 다시 돌려놔주십셔,6.0.1,1,1,7
858266085,지니뮤직 - genie,321,13109062787,mooooooooooooooooooooooon,https://itunes.apple.com/kr/reviews/id1125480856,2025-09-07,2025-09-07 19:14:01,2,재생목록 곡 추가 업뎃,전엔 곡 맨 위 맨 아래 설정해서 내 음악 플레이리스트에도 그대로 적용 잘 됐는데 이젠 맨 밑으로만 가네요..지니 업뎃 될때마다 솔직히 별 기대 안됩니다ㅠ,6.0.1,0,0,7
858266085,지니뮤직 - genie,322,13108622401,고니이이이ee,https://itunes.apple.com/kr/reviews/id1308712348,2025-09-07,2025-09-07 16:18:19,1,업데이트 후 튕김현상,아이폰 사용자인데 업데이트 후 계속 튕김현상 발생합니다.. 접속이 안되요..,6.0.1,0,0,7
858266085,지니뮤직 - genie,323,13108617412,hjijlnsihwo,https://itunes.apple.com/kr/reviews/id1090612404,2025-09-07,2025-09-07 16:16:16,1,My 곡삭제 없앤 거,진짜 어이가 없네요.. 내 음악 들어가서 삭제하라고요? 이렇게 감다뒤 업데이트는 처음 봅니다!! 이거 안 고치면 다른 음악 어플로 갈아탈게요.,6.0.1,1,1,7
858266085,지니뮤직 - genie,324,13108336719,스스마아일,https://itunes.apple.com/kr/reviews/id1381591169,2025-09-07,2025-09-07 14:15:21,1,음악 삭제 버튼,버튼 좀 만들어주세요 삭제 어케 하라는거임 플레이리스트에서,6.0.1,1,1,7
858266085,지니뮤직 - genie,325,13105511705,남귄,https://itunes.apple.com/kr/reviews/id598439648,2025-09-06,2025-09-06 21:52:02,5,my플레이리스트,음악 삭제는 어떻게하나요?,6.0.1,0,0,7
858266085,지니뮤직 - genie,326,13105495805,진짜로고장,https://itunes.apple.com/kr/reviews/id867718570,2025-09-06,2025-09-06 21:47:23,1,플리 실행문제,플리에서 전체 선택하면 노래 나오는데 상단에 플레이버튼 클릭 시 재생 문제발생.,6.0.1,0,0,7
858266085,지니뮤직 - genie,327,13104409388,장민수포에버,https://itunes.apple.com/kr/reviews/id318796402,2025-09-06,2025-09-06 15:02:04,5,개발자님,"개발자님 안녕하세요 지니뮤직 잘쓰고 있습니다
그런데 내 플레이리스트에서 노래 삭제가 안됩니다",6.0.1,0,0,7
858266085,지니뮤직 - genie,328,13104196010,쓰레기앱 리뷰하는 사람,https://itunes.apple.com/kr/reviews/id1086538311,2025-09-06,2025-09-06 13:27:43,3,편의개선,재생목록에 있는 곡을 넣었다 뺐다 할 수 있었는데 업데이트 이후 곡을 뺄 수가 없어서 너무 불편하네요. 어떤 의도로 이렇게 업데이트 했는지 모르겠지만 빨리 재생목록 삭제 버튼 만들어주세요. 너무 불편해서 리뷰 남깁니다,6.0.1,0,0,7
858266085,지니뮤직 - genie,329,13104033510,kikiinsu2596,https://itunes.apple.com/kr/reviews/id426602168,2025-09-06,2025-09-06 12:18:37,1,노래목록에서 바로 편집하는거 다시돌려놔,왜 번거롭게 하는거지?? 지니 진짜 요금제 아니면 안쓰고 싶다,6.0.1,0,0,7
858266085,지니뮤직 - genie,330,13101726770,리지쥬,https://itunes.apple.com/kr/reviews/id834393113,2025-09-05,2025-09-05 22:43:14,1,진짜 왜이렇개 사용성이 낮아요;,"my에서 들을때 삭제하는 것도 없고, 그렇다고 플레이리스트레서 들으면 플레이리스트가 너무 많이 생기는데 플레이리스트 삭제하는것도 안보이고; 장기사용자인데 이번 업뎃으로 진짜 탈퇴하고싶은 마음뿐",6.0.1,0,0,7
858266085,지니뮤직 - genie,331,13101636763,갱걍굥,https://itunes.apple.com/kr/reviews/id1231051423,2025-09-05,2025-09-05 22:17:37,1,원래대로 다시는 안되나요?ㅜ,"업데이트 전에는 더 쓰기 쉽고 익숙하고 편했는데 어색한건 계속 쓰다보면 나아지지만 플레이어가 많이 바뀌어 쓰기가 좀 힘들어요 원래는 가사가 조금 보이고 간주점프도 됐었는데 업데이트 이후로 배속도 어떻게 하는지 모르겠고 10초 건너뛰기도 안되는 것 같고 일단 너무 불편해 졌습니다 
솔직히 말하면 진짜 업데이트 할때 플레이어는 예전 처럼 놔두고 업데이트하면 안되나요? 플레이어는 안 건드렸다면 더 좋았을 지도 모르겠네요",6.0.1,0,0,7
858266085,지니뮤직 - genie,332,13101360564,지니유저90,https://itunes.apple.com/kr/reviews/id430013094,2025-09-05,2025-09-05 20:55:27,2,업데이트 이후 앱실행이 되지 않아요,현재 아이폰 x 사용자인데요. 이번에 업데이트 후 앱실행이 안되네요. 뭐가 문제일까요?,6.0.1,0,0,7
858266085,지니뮤직 - genie,333,13101274960,헌터스 헌터,https://itunes.apple.com/kr/reviews/id623315011,2025-09-05,2025-09-05 20:28:15,5,오류,업뎃하고 재생목록 플레이가 안되요!! 추가가 안되는데 어찌 해야되요!!,6.0.1,0,0,7
858266085,지니뮤직 - genie,334,13100831408,사회문화,https://itunes.apple.com/kr/reviews/id626037469,2025-09-05,2025-09-05 17:40:32,5,‘My’에서 곡 삭제가 왜 안되죠,"불편해 죽겠네 진심
혹시 제가 못 찾은 거면 방법 좀 알려주세요",6.0.1,0,0,7
858266085,지니뮤직 - genie,335,13100455924,이ㅣㅣㅣㅗㅗㅛ,https://itunes.apple.com/kr/reviews/id1803919654,2025-09-05,2025-09-05 14:49:50,4,이거 왜이런가요,잘 쓰고 있었는데 갑자기 제 플레이 리스트가 순서대로 안돼고 무작위로 재생이 돼요ㅠㅠㅠ,6.0.1,0,0,7
858266085,지니뮤직 - genie,336,13100358778,가나디990,https://itunes.apple.com/kr/reviews/id409214600,2025-09-05,2025-09-05 14:03:26,1,백날 ai ai 하면 뭐함 기본적인걸 못하는데,별 한개도 아까움. Ai가 삭제버튼은 놓쳤다고 말 안해줬나?? 그나마 만족스러웠던 지니마저 개똥이되가네.. 이전 개발자님 돌아와주세요. 같은 분이라면 그냥 머리밀고 나가주세요. 지니뮤직은 업데이트하고 검증도 안함????,6.0.1,0,0,7
858266085,지니뮤직 - genie,337,13099374754,🥳🥸😃🥸🙂,https://itunes.apple.com/kr/reviews/id899224243,2025-09-05,2025-09-05 07:09:43,1,원래대로 돌려놓으세요,리뷰 처음 달아봅니다 업데이트 하기전으로 돌려 놓으세요 좋은점 하나도 없습니다 별 하나도 아까우니까 다시 돌려놓으세요,6.0.1,0,0,7
858266085,지니뮤직 - genie,338,13098537624,Hh.ud,https://itunes.apple.com/kr/reviews/id1828393433,2025-09-05,2025-09-05 02:06:13,1,노래 플레이리스트 안틀어져요,원래 안그랬는데 최근부터 제가 만든 플레이리스트가 재생 버튼을 눌러도 안틀어지네요 ㅋㅋ 앱 지웠다 다시 깔고 로그인하면 틀어지는데 한번만 가능하고 그 다음부턴 또 안틀어집니다. 뭔 이상한 업뎃을 한건지 모르겠지만 빨리 수정 부탁드려요 제발,6.0.1,0,0,7
858266085,지니뮤직 - genie,339,13097978333,이거진짜에요리얼,https://itunes.apple.com/kr/reviews/id1754309763,2025-09-04,2025-09-04 23:18:21,5,내 플레이리스트 곡삭제,도대체 내 플레이리스트에 있는 곡 삭제하는게 어디있는거죠 ? 편집눌러도없고 이번에 업데이트되면서 사라졌어요 너무 불편하네요,6.0.1,0,0,7
858266085,지니뮤직 - genie,340,13097326677,이앱왜써,https://itunes.apple.com/kr/reviews/id671819828,2025-09-04,2025-09-04 19:58:37,1,재생목록 삭제가 없다고?,살다살다 재생목록에 곡 한번 넣으면 다시는 삭제 못 하는 앱 처음 봄 ㅋㅋㅋㅋ,6.0.1,0,0,7
858266085,지니뮤직 - genie,341,13097313788,유히킹,https://itunes.apple.com/kr/reviews/id460984493,2025-09-04,2025-09-04 19:54:03,3,플레이리스트에서 목록삭제가 안됩니다,"플레이리스트에서 목록삭제가 안되네요
불편합니다 개선요청드립니다",6.0.1,0,0,7
858266085,지니뮤직 - genie,342,13096881380,푸가스,https://itunes.apple.com/kr/reviews/id944199324,2025-09-04,2025-09-04 17:01:12,3,재생목록에서 편집할때 노래 삭제할 수 있게 해주세요,업데이트 되고 사라졌네요 너무 불편해요,6.0.1,0,0,7
858266085,지니뮤직 - genie,343,13096531411,러케,https://itunes.apple.com/kr/reviews/id180809109,2025-09-04,2025-09-04 14:17:12,1,노래삭제 왜 안돼요?,MY 탭에서 노래 삭제도 안 되고 순서 변경도 안 되네요,6.0.1,0,0,7
858266085,지니뮤직 - genie,344,13096406435,달다니,https://itunes.apple.com/kr/reviews/id1339039368,2025-09-04,2025-09-04 13:17:25,3,앱 실행 자체가 안됨,"어느날부터 앱 실행하면 지니 로고에서 넘어가지를 않고,
삭제하고 다시 깔아도 처음 뭐 동의하는거에서 계속 앱이 꺼져요.

같은 현상을 겪는 유저가 있는 걸 보니 저만의 문제가 아닌 것 같아요.

소프트웨어 ios 16.7.11 버전입니다.",6.0.1,0,0,7
858266085,지니뮤직 - genie,345,13096003193,도라네몽22,https://itunes.apple.com/kr/reviews/id1336963524,2025-09-04,2025-09-04 10:24:22,1,노래 삭제 왜안됨,네??,6.0.1,0,0,7
858266085,지니뮤직 - genie,346,13095607448,아아아아아ㅏ아아아앙이랏라라,https://itunes.apple.com/kr/reviews/id506330472,2025-09-04,2025-09-04 07:39:46,1,재생목록 - my 삭제기능 다시 수정부탁드립니다,너무 불편해졌어요 자주 사용하던 기능이 사라지니 불편하네요.. 플레이리스트에서 음악 검색을 할 수 있는 것도 아니고 자주 듣지 읺는 노래나 잘못 담은 노래들 그때그때 삭제하며 정리하는데 하나하나 찾는 것도 어렵고 같은 불편을 가지신 분들이 많네요 ㅜ,6.0.1,0,0,7
858266085,지니뮤직 - genie,347,13095507386,별명 뭐하냐아,https://itunes.apple.com/kr/reviews/id1161163236,2025-09-04,2025-09-04 06:58:09,4,플레이리스트 노래 삭제 제발,MY 플레이리스트 목록에서 노래 바로 삭제할 수 있게 해주세요.. 어느 세월에 전체메뉴까지 가서 지움,6.0.1,0,0,7
858266085,지니뮤직 - genie,348,13094317858,귀에딱지없어요,https://itunes.apple.com/kr/reviews/id1827998906,2025-09-04,2025-09-04 00:06:22,1,갈아탄다,"마이리스트에서 곡 순서도 안 바뀌고, 삭제도 안 된다. 곡 빼고 싶으면 목록을 다시 만들라는 거야 뭐야. 유사곡 추천도 별로고 해도 귀찮아서 참고 썼는데 갈아탄다. 회의는 하나. 피드백은 받나. 이 회사직원들 자기들은 다른 어플 쓰나.",6.0.1,0,0,7
858266085,지니뮤직 - genie,349,13093923609,아잇배고파,https://itunes.apple.com/kr/reviews/id1390848949,2025-09-03,2025-09-03 22:11:37,1,제발바꿔주세요,"업데이트전까지 정말정말 잘 썼습니다 셔플돌려도 똑같은노래 안나왔고요 플리에 넣어둔 노래만 딱딱 나왔는데 도대체 지니 왜 업데이트 되고 이상해진거일까요 너무너무 불편합니다 예전의 지니가 그리워요 플리에 넣어놓지도 않은 쌩뚱맞은 노래가 나오질 않나 플리 제목 옆에? 있는 플레이 버튼 눌러도 노래가 안나오네요 그냥 너무 불편해서 안듣는게
나을것같아요ㅜㅜ 바꿔주세요..",6.0.1,0,0,7
858266085,지니뮤직 - genie,350,13093890576,리동지,https://itunes.apple.com/kr/reviews/id1529761921,2025-09-03,2025-09-03 22:02:04,1,아 진짜로,"제ㅔㅔㅔ발 따른건 모르겠고 순서 묶어서 하는것좀 해주시면 안되나요 나만그런게 아닌데 사람들 말을 왜 안듣는거에요 진짜로 다음업데이트에 제ㅔㅔㅔ발 진짜
몇번째 올리는지모르겠네요 
지니 진짜 계속 쓰게좀 해주시죠",6.0.1,0,0,7
858266085,지니뮤직 - genie,351,13093748228,하늘색이 좋아,https://itunes.apple.com/kr/reviews/id1416022374,2025-09-03,2025-09-03 21:19:26,5,이번 업데이트 마음에 들어요,그런데 한 가지 아쉬운 부분이 있어요 가사가 너무 크게 보여서 더 작게 조절이 됐으면 좋겠어요,6.0.1,0,0,8
858266085,지니뮤직 - genie,352,13093735166,Mint color guitar,https://itunes.apple.com/kr/reviews/id909974303,2025-09-03,2025-09-03 21:15:29,1,업데이트 이후 진짜 별로입니다,업데이트 전에는 내 플레이리스트에서 바로 삭제도 할 수 있고 곡 추가하면 듣던 곡에서 바로 추가 할 수 있었는데 지금은 그냥 마지막으로만 추가되고 삭제하려면 또 내음악 들아가서 바꿔야하고 너무 불편합니다.,6.0.1,0,0,8
858266085,지니뮤직 - genie,353,13093727890,사애린,https://itunes.apple.com/kr/reviews/id1011106649,2025-09-03,2025-09-03 21:13:16,1,이전 버전으로 못 돌리나요?,"업그레이드가 아니라 다운그레이드가 됐네여;; 왜 잘 쓰던 앱 이상하게 바꿔논거져??
원래 되던 기능 싹다 빼버리고 대체 뭘 추가했는지도 모르겠는데 이거 전에쓰던 버전으로 다시 다운 못받을까요? 고칠거면 한국인답게 빨리빨리 업뎃 알아서 전걸로 돌려놔주세여ㅠㅠㅠ",6.0.1,0,0,8
858266085,지니뮤직 - genie,354,13093533943,더파워오브러브,https://itunes.apple.com/kr/reviews/id1827921872,2025-09-03,2025-09-03 20:10:49,1,지니뮤직업뎃,업뎃하고나서 잘쓰는 기능들이 다 사라졌어요… 이뻐진것같았는데 가사나 이런 부분들에 한번더 터치를 해야해서 오히려 불편해지고 이전이 더 나아요ㅜ,6.0.1,1,1,8
858266085,지니뮤직 - genie,355,13093298447,쌔은,https://itunes.apple.com/kr/reviews/id551075069,2025-09-03,2025-09-03 18:42:47,2,플레이리스트 수정하기 불편,"재생목록 재생중에 곡 선택 시 바로 삭제할 수 있도록 만들어주세요. 
다시 무슨 플레이리스트 목록 들어가야지만 수정 가능하고 불편합니다 ㅠ",6.0.1,0,0,8
858266085,지니뮤직 - genie,356,13092799514,장씨장남,https://itunes.apple.com/kr/reviews/id1827847614,2025-09-03,2025-09-03 14:59:14,4,노래 삭제 항목이 없어짐,노래 삭제 항목이 없어졌어요 ..무슨 상황인가요,6.0.1,0,0,8
858266085,지니뮤직 - genie,357,13092605444,휘각,https://itunes.apple.com/kr/reviews/id1827828168,2025-09-03,2025-09-03 13:24:55,1,최악,최악 그 자체,6.0.1,0,0,8
858266085,지니뮤직 - genie,358,13091963911,갈아탈까생각중,https://itunes.apple.com/kr/reviews/id247890514,2025-09-03,2025-09-03 08:53:18,1,어플이 켜지지도 않아요ㅡㅡ,몇일째 켜지지도 않고 지웠다켜도 실행이 안되고... 뭔가요 이건... 오류 있으면 업데이트 해주세요,6.0.1,0,0,8
858266085,지니뮤직 - genie,359,13090487726,팝팝치,https://itunes.apple.com/kr/reviews/id1398596047,2025-09-03,2025-09-03 00:06:50,3,재생화면에서 음질 보이던 거 어디갔나요,무손실음원 이용권 사용한지 오래되었는데 가끔 음질 이상해지면 확인해가며 사용했습니다. 근데 이제는 그냥 아예 그 창이 안 보이네요 손쉽게 음질 변환도 안되고.. 이 부분 되돌려주세요,6.0.1,0,0,8
858266085,지니뮤직 - genie,360,13090192995,ㄷ라지,https://itunes.apple.com/kr/reviews/id500767534,2025-09-02,2025-09-02 22:43:14,1,리스트 내 순서 이동 다시 탑재 요망;;,업데이트하고 플레이리스트 내에서 순서 이동 불가능해서 매우 번거롭습니다;;; 순서 이동은 하게 해주셔야죠 다 지우고 다시 담어여 하는데 삭제는 왜 안 되죠..?ㅋㅋㅋㅋ;;;;최악,6.0.1,0,0,8
858266085,지니뮤직 - genie,361,13089789731,짱나77,https://itunes.apple.com/kr/reviews/id747784320,2025-09-02,2025-09-02 20:42:35,1,앱이 실행이 안됨,"최근 어플이 안열려서 지우고 다시 깔았는데
이용안내 창만 뜨고 확인 누르면 어플이 닫히고 계속 반복 열리질 않아요. 어떻게 해야 히나요?",6.0.1,0,0,8
858266085,지니뮤직 - genie,362,13089763025,귀여운 새싹잉,https://itunes.apple.com/kr/reviews/id1324448557,2025-09-02,2025-09-02 20:33:37,2,재생목록 순서대로 안틀어짐,원래는멀쩡햤는데 갑자기 오늘부터 제가 추가해둔 노래대로 안틀어지는데 막 랜덤으로 가거든요 왜그럴까요,6.0.1,0,0,8
858266085,지니뮤직 - genie,363,13089594986,onndjd,https://itunes.apple.com/kr/reviews/id698453688,2025-09-02,2025-09-02 19:33:34,1,재생목록 나 노래 삭제,아니 재생목록에 노래 좀 정리하려고 했더니 삭제 버튼이 왜 없나요?? ㅋ ㅋㅋ. ㅋㅋ 패치 안해요?  잘못 담은것도 알아서 들으라는건가요?,6.0.1,0,0,8
858266085,지니뮤직 - genie,364,13089544970,나르체고댜,https://itunes.apple.com/kr/reviews/id943671782,2025-09-02,2025-09-02 19:14:11,5,가사 크기가 너무 커요..,업데이트 이후에 젤 작은 글씨체로 해도 너무 커서 볼수가 없습니다.. ㅜㅠ 제발 줄여주세요ㅠㅠㅠㅠㅠ,6.0.1,0,0,8
858266085,지니뮤직 - genie,365,13089445038,’오‘,https://itunes.apple.com/kr/reviews/id283701353,2025-09-02,2025-09-02 18:33:18,1,플레이리스트 노래삭제,왜 없앴나요? 불편해요,6.0.1,0,0,8
858266085,지니뮤직 - genie,366,13088108673,빛님이,https://itunes.apple.com/kr/reviews/id114795532,2025-09-02,2025-09-02 08:40:13,1,업데이트 이후 아이폰에서 실행안됨,"아이폰 10 (ios16) 입니다. 지니뮤직 앱 질 쓰고 있었는데 이번주부터 실행이 안되네요. 기기 재부팅, 앱 삭제 후 재설치 등 방법에도 아무 소용이 없어요. 삭제하기 전에는 지니 로고만 뜨고 더 이상 진행되지않았었고 삭제 후 재설치 후에는 알림설정 등 이후 선택(앱 접근 권한동의) > 확인 누르면 강제종료됩니다. 업데이트 이후 생긴 증상인 것 같은데 해결방법이 없을까요??",6.0.1,0,0,8
858266085,지니뮤직 - genie,367,13088090277,별명 왜 안돼냐,https://itunes.apple.com/kr/reviews/id1169495066,2025-09-02,2025-09-02 08:32:26,1,플레이리스트 오류,플레이리스트에 담아둔 노래 재생 버튼이 안 눌리고 랜덤으로 음악이 나와요 업데이트 하고 너무 불편하게 바뀜,6.0.1,0,0,8
858266085,지니뮤직 - genie,368,13086290993,LHSlol5,https://itunes.apple.com/kr/reviews/id523936579,2025-09-01,2025-09-01 22:42:24,1,재생 목록에 있는 노래 바로 삭제 할 수 있는 거 다시 만들어주세요,재생 목록에서 편집 누르고 곡 선택하면 바로 삭제할 수 있는 거 왜 없앴나요? 너무 불편해요 다시 만들어주세요,6.0.1,0,0,8
858266085,지니뮤직 - genie,369,13085779576,Bouncyeggfri,https://itunes.apple.com/kr/reviews/id1269766824,2025-09-01,2025-09-01 20:03:56,5,개선…,최근에 한 업뎃에서 플레이어 화면 바꾸는건 좋았는데 더 많은 사진을 선택할수 있었으면 좋겠어요..그리고 재생목록 MY창에서 편집이 가능했으면 좋겠어요..,6.0.1,0,0,8
858266085,지니뮤직 - genie,370,13085607828,응아잇푸바오,https://itunes.apple.com/kr/reviews/id1761743396,2025-09-01,2025-09-01 18:58:32,1,아니ㅅㅂ,곡순서조정이고나발이고플레이리스트재생이쳐안됨,6.0.1,0,0,8
858266085,지니뮤직 - genie,371,13085461180,김필상,https://itunes.apple.com/kr/reviews/id498913966,2025-09-01,2025-09-01 17:58:56,1,진짜 뭐같이 바꿔놨네 진짜 삼류 답다 당장 얼른 업데이트 전으로 바꿔놔라 더워서 열받는데 돈내고 사용하는데 진짜,"my 플레이스트 삭제도 노래 위치도 못 바꾸고 진짜 멜론.유튜브 뮤직.벅스에 밀리는 음악답네
센스 ㅈ또 없고 에혀",6.0.1,0,0,8
858266085,지니뮤직 - genie,372,13085361336,어라투저더,https://itunes.apple.com/kr/reviews/id423649816,2025-09-01,2025-09-01 17:16:29,1,아니 살다살다 노래 순서,조정 못하는 음악어플 처음 진심 개최악 어케 플리 순서를 ㅋㅋ 조정을 못해요? 쓰레기업뎃,6.0.1,0,0,8
858266085,지니뮤직 - genie,373,13084024868,js.you,https://itunes.apple.com/kr/reviews/id1386908276,2025-09-01,2025-09-01 07:36:32,1,플레이리스트 삭제,플레이리스트에 노래 편집에 삭제기능이 왜 없어졌죠??,6.0.1,0,0,8
858266085,지니뮤직 - genie,374,13082594836,흐르ㅡ음,https://itunes.apple.com/kr/reviews/id1617828630,2025-08-31,2025-08-31 23:37:04,3,업데이트 문제,이번에 새로 업데이트 된 이후로 내 플레이리스트 전체듣기를 눌러도 재생이 안되고 계속 이상한 알고리즘타서 원하는 노래를 못듣고있어요.. 이걸거면 재생목록 왜 만드는지… 이 부분 빨리 수정해주세요..,6.0.1,0,0,8
858266085,지니뮤직 - genie,375,13082533030,_메렁,https://itunes.apple.com/kr/reviews/id1267794801,2025-08-31,2025-08-31 23:19:33,1,이번 업뎃 개별로,"Ui왜이따구로 바뀜 개별론데 진짜…
다시 안돌려놓으면 멜론으로갈아탑니다",6.0.1,0,0,8
858266085,지니뮤직 - genie,376,13081680954,General jun,https://itunes.apple.com/kr/reviews/id1140259728,2025-08-31,2025-08-31 18:33:59,1,재생목록 곡순서 편집,왜 업데이트를 할때마다 더 퇴화하는겁니까 대체... 재생목록 곡순서 편집은 어떻게하며 선택곡 재생할때 옆부분에 선택하는 창은 왜 사라진거에요. 진짜 남들 다 다른 어플 갈아탈때도 오랫동안 어플 썼는데 정이 떨어져서 이제 그만 쓸까 합니다. 이상한 패치 그만하고 다시 돌려주세요,6.0.1,0,0,8
858266085,지니뮤직 - genie,377,13081297498,기유사랑해,https://itunes.apple.com/kr/reviews/id1541533539,2025-08-31,2025-08-31 15:58:20,5,삭제기능넣어주세요,"플리에 삭제기능넣어주세요
삭제기능 없어서 잘못 넣은 노래도 그냥 놔둬야 해요",6.0.1,0,0,8
858266085,지니뮤직 - genie,378,13081203537,미니머ㅓㅍ,https://itunes.apple.com/kr/reviews/id702889578,2025-08-31,2025-08-31 15:17:49,1,플레이리스트에서,업데이트하고 플레이리스트에서 곡삭제가 안됑ㅛ;;,6.0.1,0,0,8
858266085,지니뮤직 - genie,379,13081030929,오스베곰,https://itunes.apple.com/kr/reviews/id1750535071,2025-08-31,2025-08-31 14:00:51,4,잘쓰고 있는 유저입니다,"다만 계속 노래 선택 후 삭제 창이 사라지는 에러가 계속 되고 있습니다
갑자기 노래가 멈추는 에러도 발생합니다
삭제 창이 사라지는 에러 고쳐주시길 바래요!!",6.0.1,0,0,8
858266085,지니뮤직 - genie,380,13080720615,어이이닌,https://itunes.apple.com/kr/reviews/id1801358091,2025-08-31,2025-08-31 11:47:58,1,불편사항,"지니뮤직 오랫동안 이용했는데 요즘 자꾸 다른 기기 스트리밍 중이라면서 재생 중에 음악이 끊깁니다 다른 기기 등록 해놓은 게 없는데 말이죠. 그래서 정기결지 해지하고 탈퇴하려는데 해지신청도 앱 내에서 자꾸 오류나서 처리 안되고 고객센터 미운영 시간이라고 홈페이지에 문의남기라는데 문의 남길 수 있는 항목 표시는 어디를
찾아봐도 없어요 정말 화가나네…;;; 
스트리밍부터 해지까지 뭐 하나 제대로 처리 되는 게 없습니다 글 보면 조속히 답변 좀 해주세요",6.0.1,0,0,8
858266085,지니뮤직 - genie,381,13080500200,0xox03,https://itunes.apple.com/kr/reviews/id1049944285,2025-08-31,2025-08-31 10:19:06,1,플레이리스트,플레이스트 노래삭제기능 왜 없앴죠…,6.0.1,0,0,8
858266085,지니뮤직 - genie,382,13080357414,현명한물꼬기,https://itunes.apple.com/kr/reviews/id1388523156,2025-08-31,2025-08-31 09:19:30,5,.,"이번 업데이트 이후로 플레이리스트에 있는 노래들 전체 재생이 안되는데 확인 좀 부탁드려요 
곡 재생 버튼을 눌러도 재생되지 않네요",6.0.1,0,0,8
858266085,지니뮤직 - genie,383,13080276312,낙동강오리알무새,https://itunes.apple.com/kr/reviews/id1813061698,2025-08-31,2025-08-31 08:44:59,5,ㅈㅂ 바꿔주세요,"제가 기능을 못 이용하는건지는 모르겠지만 노래 재생하면 다음 곡아 나오는 가 아니라 다른 노래가 나와요 ㅠㅜ 이거 어케함 솔직히 별 1개임 스프트프으가 더 좋아여

++아니 플리에서 노래를 재생하묜 다음곡으로 딴게 나옴 무조건 전체재생 해야지 곡 이어서 나오고 ㅠㅜ 개짜증남",6.0.1,0,0,8
858266085,지니뮤직 - genie,384,13079388732,어쩌라고고마,https://itunes.apple.com/kr/reviews/id1826620445,2025-08-31,2025-08-31 03:05:51,2,업데이트,업데이트가 된 거 같은데 별로임 그냥 전이 더 나음 진짜 불편함,6.0.1,1,1,8
858266085,지니뮤직 - genie,385,13079106579,4️⃣8️⃣6️⃣,https://itunes.apple.com/kr/reviews/id1704471670,2025-08-31,2025-08-31 01:38:46,2,플리 오류,플리 갑자기 순서대로 안 틀고 지 맘대로 곡이 틀어지네요 개선 부탁드립니다.,6.0.1,0,0,8
858266085,지니뮤직 - genie,386,13078445695,?.???!사람,https://itunes.apple.com/kr/reviews/id1257544631,2025-08-30,2025-08-30 22:31:59,1,음악창 예전으로 바꿔주세요,음악창 업데이트 전으로 바꿔주세요 이럴거면 차라리 멜론이나 스포티파이 결제하죠;;,6.0.1,1,1,8
858266085,지니뮤직 - genie,387,13078273955,Soooooooooangry,https://itunes.apple.com/kr/reviews/id1615285904,2025-08-30,2025-08-30 21:41:26,1,제발,ㅇㄴ 갑자기 왜 플리에서 삭제도 안되고 마음대로 정리가 안되나요? 디자인도 구려졌고 노래 정리도 안되고 삭제도 안되고; 진짜 제발 다시 복구해주세요 구려요;,6.0.1,1,1,8
858266085,지니뮤직 - genie,388,13078003462,------- 개선바람,https://itunes.apple.com/kr/reviews/id726486727,2025-08-30,2025-08-30 20:13:02,1,개선 바람(노래순서),하. 너무 오반거 같아요 저 진짜 아이폰 8년째 쓰면서 리뷰 처음 남겨보는게 이건 아닌 거 갗아요….. 플레이리스트 순서도 조절 못하는 음악 앱이 어딨나요……….,6.0.1,1,1,8
858266085,지니뮤직 - genie,389,13077887615,🦦👊,https://itunes.apple.com/kr/reviews/id1589477631,2025-08-30,2025-08-30 19:30:32,4,전체재생,최근에 한 업데이트 이후 전체 재생이 안되요..,6.0.1,1,1,8
858266085,지니뮤직 - genie,390,13077139099,yuxchae,https://itunes.apple.com/kr/reviews/id557786451,2025-08-30,2025-08-30 14:22:54,1,못생겨졌어요,음악 재생 화면 하얀배경에 파란 글씨가 이뻤는데 이뻐서 쓰고 있었는데 이번 업데이트 이후 글씨도 제일 작은 글씨인데도 너무 크고 못생겼어요,6.0.1,1,1,8
858266085,지니뮤직 - genie,391,13077062549,도토리먹는코끼리,https://itunes.apple.com/kr/reviews/id934391650,2025-08-30,2025-08-30 13:48:48,5,지니,지니 쓰고 있는데 원래 테마로 바꿔주세요ㅠ 흰색에 파란글씨가 좋아서 썼던 건데 이상하게 업뎃 돼서 너무 싫어요,6.0.1,1,1,8
858266085,지니뮤직 - genie,392,13076805337,아마도 사람,https://itunes.apple.com/kr/reviews/id1325494235,2025-08-30,2025-08-30 11:58:39,1,별로예요,잘 쓰고 있다가 갑자기 들어가지지도 않고 한달 이용권 돈 낸 거 아직 다 쓰지도 않았는데 큰 맘 먹고 지웠다가 다시 깔아도 아예 안 들어가지네요 자꾸 튕기고,6.0.1,0,0,8
858266085,지니뮤직 - genie,393,13075068016,외..,https://itunes.apple.com/kr/reviews/id1818899727,2025-08-30,2025-08-30 01:14:31,1,ㅇ,삭제버튼도 사라지고 노래 위치 조정도 못하게 해놓으시면… 업데이트가 아닌 것 같은데요 언제 되돌려 놓으시려는지요? 기간 끝날 때 까지 안 바뀌면 그냥 멜론으로 갈아타겠습니다..,6.0.1,0,0,8
858266085,지니뮤직 - genie,394,13074870054,앙냥냥훔냐냐냐,https://itunes.apple.com/kr/reviews/id1657786403,2025-08-30,2025-08-30 00:17:21,4,가사복사기능만들어주세요,업뎃하고 곡재생화면도 이뻐졋고 추천도 잘해줘여 기가지니 스피커에서 들을 수 잇는것도 좋은데 가사 복사할때 전체 가사 통째로 다 복사하는 기능 말고 꾹눌러서 복사하고 싶은 부분만 복사하는 기능 왜없어요?? 만들어주세요,6.0.1,0,0,8
858266085,지니뮤직 - genie,395,13074590762,업뎃실어요,https://itunes.apple.com/kr/reviews/id1136507187,2025-08-29,2025-08-29 22:59:21,3,이번업데이트 별로에요,"내 플레이리스트 들으면서 수록되어있는 곡들 삭제하거나 순서 바꾸는 기능 왜 없어졋나요,, 너무 불편해요 다시 돌려주세요 제발............",6.0.1,0,0,8
858266085,지니뮤직 - genie,396,13074579523,min317300,https://itunes.apple.com/kr/reviews/id1306729737,2025-08-29,2025-08-29 22:56:12,1,삭제왜안돼요,업뎃 후 부터 플레이리스트 곡 삭제 안되는데요,6.0.1,0,0,8
858266085,지니뮤직 - genie,397,13074440453,애매한 재능러,https://itunes.apple.com/kr/reviews/id1417395556,2025-08-29,2025-08-29 22:16:45,2,왜 플레이리스트 상태에서 편집을 못하죠,"아니 플레이리스트에서 편집 못하게 만든건 뭐 다른 앱들이랑 협약이라도 맺으셨나요. 업데이트 전에는 위치 옮기고 노래 삭제시키는 기능 있었으면서, 업데이트 하고나니깐 더 불편하게 만드셨나요. 다른 음악 사이트로 이주시키는게 목적이셨으면 말을 하시지 그랬어요 진작 옮겼겠죠.",6.0.1,0,0,8
858266085,지니뮤직 - genie,398,13074424513,비폴한,https://itunes.apple.com/kr/reviews/id1337856518,2025-08-29,2025-08-29 22:12:10,5,고쳐주세요,업데이트 되고나서 순서대로 노래가 안나와요 ㅠ,6.0.1,0,0,8
858266085,지니뮤직 - genie,399,13074016197,변기청소1등급,https://itunes.apple.com/kr/reviews/id1273269362,2025-08-29,2025-08-29 20:06:44,3,이게뭐져,진짜리뷰잘안다는데 이번 업데이트 너무 구려요 디자인팀 누구죠... 제발 원래대로 원상복구 시켜주시면 감사하겠습니다,6.0.1,0,0,8
858266085,지니뮤직 - genie,400,13073684069,SX13579,https://itunes.apple.com/kr/reviews/id1746892438,2025-08-29,2025-08-29 18:03:54,5,잘 쓰고 있었는데……,계속 튕겨요,6.0.1,0,0,8
858266085,지니뮤직 - genie,401,13072408000,모태불교,https://itunes.apple.com/kr/reviews/id1137025966,2025-08-29,2025-08-29 09:04:42,3,7-8년을 지니를 썼습니다.,"아이디를 바꿔도 음악 듣는 어플을 바꾼 적이 없네요ㅎㅎ
패치를 하든 말든 나아지면 나아지는대로 불편해지면 불편해졌구먼 하면서 사용한 기간이 벌써 한 아이가 태어나고 초등학교에 들어갈만한 기간이네요.
이렇게 오래 사용했는데 이번 패치 때문에 한시간을 넘게 이전처럼 가사보고 싶어서 찾다가 울화통이 터져 결국 어플 리뷰를 달고있습니다.
가사 글씨는 왜 그렇게 크게만 잡아놓은건지, 이전에 작게 잘만 나왔으면서 왜 굳이? 그걸 그렇게 크게 만들어서 줄일 수도 없게 박아놓은 건지 모르겠어요.
가사 배경이 깔끔한 흰바탕에서 왜 더렇고 너저분하게 바꾼지도 모르겠고 이전으로 돌리는 선택지가 있나하고 한참을 찾았는데도 안보여서 너무 화가나서 구구절절 적습니다.
말이 계속 험하게 써져서 지웠다 적었다를 반복하네요^^
번창하시고 이전으로 롤백 안된다면 오랜 인연이 아쉽지만 저는 여기서 연을 끊게될 것 같네요. 오랜 기간 잘 이용했습니다.
마음은 일점이나 마지막 애정이 남아 삼점으로 남깁니다.
조금만 더 기다려보고 안바뀌면 어쩔 수 없는 거겠죠ㅎㅎ",6.0.1,0,0,9
858266085,지니뮤직 - genie,402,13071604730,아니중복,https://itunes.apple.com/kr/reviews/id1298054184,2025-08-29,2025-08-29 03:53:40,4,폰트 크기 좀 어떻게 해줘요,가사 볼 때 폰트를 좀 줄이게 해주세요 너무 커서 돋보기껴서 보는 느낌이에요 너무 불편해요 ..,6.0.1,0,0,9
858266085,지니뮤직 - genie,403,13070950927,",!/@,&/!,@!@,",https://itunes.apple.com/kr/reviews/id1314377295,2025-08-29,2025-08-29 00:26:53,4,가사 눌렀을때,"지니뮤직 잘 쓰고 있는데 멜론처럼 가사 눌렀을때 그 부분이 틀어지는 기능 있으면 편할거같습니다
그거 있으면 5점!",6.0.1,0,0,9
858266085,지니뮤직 - genie,404,13070533004,💎🎵,https://itunes.apple.com/kr/reviews/id1461664821,2025-08-28,2025-08-28 22:28:44,1,이번 업데이트,"원래 디자인이 심플해서 불만없이 사용하고 있었는데 이번 업데이트 디자인이 복잡하고 안 예쁩니다. 특히, 내 플레이리스트 디자인이 가장 별로입니다. 원래대로 돌려주시길 바라겠습니다.",6.0.1,0,0,9
858266085,지니뮤직 - genie,405,13070142173,엥🙂‍↔️,https://itunes.apple.com/kr/reviews/id1825758487,2025-08-28,2025-08-28 20:31:09,1,재생목록에서 my탭에 있는 곡은 갑자기 왜 삭제가 안되나요?,노래/플레이리스트 탭에서는 곡 삭제가되는데 my탭에서는 곡삭제가 안되는게 말이되나요?,6.0.1,0,0,9
858266085,지니뮤직 - genie,406,13070129473,영어울렁증웩,https://itunes.apple.com/kr/reviews/id224414140,2025-08-28,2025-08-28 20:27:01,3,재생목록 추가하면,왜 설정한 재생중인노래 다음으로 안가고 마지막으로 이동하는거죠? 더 불편..,6.0.1,0,0,9
858266085,지니뮤직 - genie,407,13069952304,Cherrmi079,https://itunes.apple.com/kr/reviews/id1291960800,2025-08-28,2025-08-28 19:25:43,4,재생목록 곡순서 어떻게 바꾸나요!?,잘 쓰고 있었는데 개편되더니 원래는 재생목록 편집에서 바로 순서를 바꿀 수 있었는데 어떻게 하는지 모르겠아요,6.0.1,0,0,9
858266085,지니뮤직 - genie,408,13069888889,dddddxxn,https://itunes.apple.com/kr/reviews/id1638567224,2025-08-28,2025-08-28 19:02:19,3,글자,업데이트되고 전체가사보는화면너무못생겻어요… ㅠㅠ 글자 더 줄일 수 이ㅛ게 해주세욤 ㅠㅠㅠㅠㅜㅠㅠㅠㅠㅜㅜㅜㅜ,6.0.1,0,0,9
858266085,지니뮤직 - genie,409,13069741344,2보라미,https://itunes.apple.com/kr/reviews/id747898628,2025-08-28,2025-08-28 18:05:22,1,노래 순서 변경 및 삭제,"MY에 있는 플레이리스트들은 순서 변경도 안되고 삭제도 안되네요.
너무 불편한데 빠른 개선이 필요할 것 같아요",6.0.1,0,0,9
858266085,지니뮤직 - genie,410,13069714403,왁왘왂,https://itunes.apple.com/kr/reviews/id1385622754,2025-08-28,2025-08-28 17:54:49,1,바뀌고나서,진짜 디자인 넘 별로임;;;;;그전이 더 좋았는데,6.0.1,0,0,9
858266085,지니뮤직 - genie,411,13069329313,cxnmo,https://itunes.apple.com/kr/reviews/id1750629309,2025-08-28,2025-08-28 15:13:25,2,업데이트 불편해서 못쓰겠음,업뎃 전까지만 해도 좋았는데 업뎃 하고나서 왜이러나요; 플레이리스트 곡 순서대로 안나오고 지맘대로 나오네요 진짜 불편해요 고쳐주졌으면 좋겠네요,6.0.1,0,0,9
858266085,지니뮤직 - genie,412,13069281052,소방관119,https://itunes.apple.com/kr/reviews/id470639637,2025-08-28,2025-08-28 14:52:06,5,계속 팅겨요..,잘쓰다가 핸드폰끄고 깔고지웠는데 계속팅겨요 해결방안좀요,6.0.1,0,0,9
858266085,지니뮤직 - genie,413,13068533879,뭐하녀고요,https://itunes.apple.com/kr/reviews/id1578460957,2025-08-28,2025-08-28 09:38:30,1,뭐하세요?,플레이리스트 삭제 버튼 없앤거 포함해서 업데이트 복귀해놓으세요 당장,6.0.1,0,0,9
858266085,지니뮤직 - genie,414,13066837051,겨노ㅠ오쟈 코 ㅓ머고ㅜㅋ,https://itunes.apple.com/kr/reviews/id1664100106,2025-08-27,2025-08-27 23:33:29,5,돌비 애트모스 지원,돌비 애트모스가 지원되는 노래수가 너무 적음. 해외노래도 추가 했으면 좋겠음,6.0.1,0,0,9
858266085,지니뮤직 - genie,415,13066719552,윰윰윰윰윰윰윰윰윰,https://itunes.apple.com/kr/reviews/id633376198,2025-08-27,2025-08-27 23:00:06,1,앱 UI 디자인 최악,"업뎃 이후 재생화면 보고 너무 놀랐어요
10년 전인가..?싶을 정도로 너무 별로입니다....",6.0.1,0,0,9
858266085,지니뮤직 - genie,416,13066399561,성동일 흔들어봐 빙글뱅글,https://itunes.apple.com/kr/reviews/id653813876,2025-08-27,2025-08-27 21:24:47,5,불편해요ㅠㅠ,플레이리스트에서 바로 노래 삭제할 수 있는 기능 왜 사라졌나요.. 내 음악 들어가서 하나하나 노래 찾아서 삭제하기가 너무 불편해요… 아니 이거 옛날에 쓴 리뷰인데 이번에 또 업데이트 되면서 이렇게 됐네요 빨리 고쳐주세여 불편불편불편해요ㅠㅠ,6.0.1,0,0,9
858266085,지니뮤직 - genie,417,13066023443,광고 ㅉ,https://itunes.apple.com/kr/reviews/id1242080671,2025-08-27,2025-08-27 19:16:24,1,멜론으로 갈아탐 ㅅㄱ,ㅋㅋ,6.0.1,0,0,9
858266085,지니뮤직 - genie,418,13057690364,준조니,https://itunes.apple.com/kr/reviews/id1586419936,2025-08-25,2025-08-25 16:20:38,3,다시 옛날로 돌아가주세여..,지니는 정말 좋은 어플인거 같습니다 이 전 업데이트 까지만 해도 노래 위치를 바꿀 수 있었고 이 노래를 삭제하고 싶으면 선택을 한 후 삭제 버튼을 누르면 됬는데 지금은 위치 바꾸는거나 삭제가 안되는거 같습니다.. 업데이트를 기다려 보겠습니다,6.0.1,0,0,9
858266085,지니뮤직 - genie,419,13053621167,익명이였습니다,https://itunes.apple.com/kr/reviews/id1819064098,2025-08-24,2025-08-24 14:42:20,1,아직 안씀,혹시 이거 유료인가요? 무료인가요?,6.0.1,0,0,9
858266085,지니뮤직 - genie,420,13053614777,크그므느른,https://itunes.apple.com/kr/reviews/id1283154209,2025-08-24,2025-08-24 14:39:23,5,노래 선택해서 듣는 기능,내 재생목록에 들어간 뒤 노래 옆 동그라미를 눌러서 그때그때 듣고싶은 노래를 선택해 듣는 기능 넘좋아여,6.0.1,0,0,9
858266085,지니뮤직 - genie,421,13051966464,anjairhdlrj,https://itunes.apple.com/kr/reviews/id821617037,2025-08-24,2025-08-24 03:13:06,2,원하는 음악 선택해서 반복재생,"지니뮤직은 원하는 노래만 몇개 선택해서 반복재생할 수 있는 기능은 없나요? 한곡 반복재생말고요
재생목록 중 플레이리스트말고 노래칸에 저 기능만 추가되면 베스트일듯한데",6.0.1,0,0,9
858266085,지니뮤직 - genie,422,13051266842,글램버트,https://itunes.apple.com/kr/reviews/id501340156,2025-08-23,2025-08-23 23:39:54,1,개선 좀,왜 my 탭에서 노래 삭제 못하게 바뀜?? 듣기 싫은 노래가 있을 수도 있잖아요 한 두곡 듣기 싫어 새 플리를 파야하는 건 좀 아닌 것 같은데요. 다시 되돌려놓으세요.,6.0.1,0,0,9
858266085,지니뮤직 - genie,423,13049458168,선풍기보다에어컨,https://itunes.apple.com/kr/reviews/id1173946866,2025-08-23,2025-08-23 12:17:29,5,내 플레이리스트 전체듣기,저는 원래 플레이리스트에 제가 듣고싶은 노래를 다 담아놓고 전체듣기 해서 듣는데 갑자기 업데이트 한 뒤로는 전체듣기 눌러도 음악 안켜지고 재생목록 들어가서 my 들어가고 또 그 여러곡을 선택해야 들을 수 있어서 너무 불편해요 ㅠㅠ 그냥 바로 듣고싶은데.. 이거 다시 안고쳐지나요??😩😔,6.0.1,0,0,9
858266085,지니뮤직 - genie,424,13047184523,Deeew05,https://itunes.apple.com/kr/reviews/id200074370,2025-08-22,2025-08-22 22:42:43,1,재생목록 너무 불편해요..,내음악 > 수록곡에서 재생하면 목록에 저장한 음악만 들을 수 있어서 좋았는데..한번 듣고 끈 곡 들도 다같이 재생되어버리니 졸라 불편해요.......처음에 재생할때 랜덤으로 나오지 않고 가나다 첫번째 순으로 플레이 되는것도 짜증나는데.....대체 왜....,6.0.1,0,0,9
858266085,지니뮤직 - genie,425,13045712537,유튜브 qa 일해라,https://itunes.apple.com/kr/reviews/id1170369278,2025-08-22,2025-08-22 13:16:53,1,버그,"마이플레이리스트에서 곡순서를 바꾸려는데 재생탭으로하나 펀집탭으로하나 순서조종이불가능해짐
버그니까 삘리고치시고
칸예 벌쳐스1앨범 다시등록좀
왜 등록했다가 다시뺌ㅡㅡ",6.0.1,0,0,9
858266085,지니뮤직 - genie,426,13043480031,하하헤즙,https://itunes.apple.com/kr/reviews/id388541778,2025-08-21,2025-08-21 23:31:58,1,노래탭에서 my탭으로,"항상 노래탭에서 듣고 좋은노래 my탭으로 옮겨서 노래들었는데
업데이트 하고난뒤로 최신곡이 제일 아래로 내려가고 my탭에서 노래삭제도 안되네요ㅡㅡ
이전까지 됐었는데 개선 좀 해줘요ㅡㅡ
무슨 my플레이리스트탭에서 노래삭제도 못하게 만들어놓냐고요ㅡㅡ",6.0.1,1,1,9
858266085,지니뮤직 - genie,427,13032739626,단비즈,https://itunes.apple.com/kr/reviews/id383536930,2025-08-19,2025-08-19 05:51:34,2,간만에 업데이트?,UI나 이런기능 업데이트보다 해외 음악 저작권료좀 내세요 멜론에 비하면 음원이 진짜 너무 부족합니다 차트에서 잘 듣다가 어느날 재생 안되면 다 저작권 문제로 재생이 불가 ㅡㅡ 유튜브 프리미엄에 비해 음원이 진짜 반도 안되는 거 같습니다 비용을 올리시던지 음원좀 많이 늘리세요,6.0.0,0,0,9
858266085,지니뮤직 - genie,428,13027464868,제발 돈만 쳐먹지마,https://itunes.apple.com/kr/reviews/id1293845431,2025-08-17,2025-08-17 23:23:40,3,오타쿠들에겐 너무 가혹함,진짜 노래 많아서 좋긴 좋은데 특히 일본곡은 너무 없음…deco*27곡도 25년 3월꺼 까지만 있고 모니터링이랑 체리팝 이런거는 없음…ㅜ 요즘 유행하는 지금바로윤회는 있으면서 체리팝이랑 모니터링…그리고 진격거 팬인데 격거 노래가 많이 없어요(성우들이 부른 노래) 다른데선 있는데 특히 리바이 성우가 부른 dark side of the moon이라든가 에렌 성우가 부른 helpless world이런거 없어요. 그래도 진격중 꿇어 돼지들아는 있어서 그나마 다행인데…리바이의 보이스를 듣지 못해서 지금 제 삶이 너무 불행합니다. 진짜 한강다이빙 하고 싶어요. 제발 리바이 노래좀 넣어주세요…,5.9.1,0,0,9
858266085,지니뮤직 - genie,429,13006017990,Doyun0821,https://itunes.apple.com/kr/reviews/id1775626850,2025-08-12,2025-08-12 17:29:14,5,좋아요.,정말좋은데 조금 느려지는거만 바꿔주세요,5.9.1,0,0,9
858266085,지니뮤직 - genie,430,12997691767,짘쏘,https://itunes.apple.com/kr/reviews/id505617457,2025-08-10,2025-08-10 14:31:02,3,어플 튕김,노래듣다 튕겨서 다시 들어갔더니 혼자 꺼지네요 계속 들어가도 똑같이 꺼져요 가끔이러는데 왜이럴까요,5.9.1,0,0,9
858266085,지니뮤직 - genie,431,12991478751,cha1x2,https://itunes.apple.com/kr/reviews/id1818491526,2025-08-09,2025-08-09 00:14:25,5,한곡만 연속듣기 필요해요,지니뮤직 너무 좋은데 한 곡만 계속 들을 수 있게 만들어주세요ㅜㅜㅜㅜㅜ 한곡만 계속 듣고 싶은데.. 한곡 끝나면 다시 노래 틀어야되고.. 번거로워요,5.9.1,0,0,9
858266085,지니뮤직 - genie,432,12982549468,cmcjxjdusudof,https://itunes.apple.com/kr/reviews/id1187329349,2025-08-06,2025-08-06 20:08:39,1,.,"아니 다운로드했으면 와이파이나 데이터를 안틀어도 다운받은 음악이 재생되야하는데 연결안된다는건 무슨 뭣 같은 경우지??
진짜 소비자가 ㅈ으로 보이나",5.9.1,0,0,9
858266085,지니뮤직 - genie,433,12977489110,슈가링 ♡,https://itunes.apple.com/kr/reviews/id1749512632,2025-08-05,2025-08-05 13:24:28,5,다~ 좋은데 조금 아쉬운점,"제가 음악어플은 이것만 쓰는데 
그게 아티스트가 별로 안나와요…
그점은 아티스트분께 동의를 받아야해서 그런건가요? 근데 무료이고 제가 썼던노래 어플중에서 돼게 좋아요!
하지만! 노래를 추가해주시면 감사하겠습니다♡ 그리고 막 채팅에
나쁜말 등을 적을수도있는데…
조금 채팅이 괜찮아지면 좋겠습니다!!!
그래도 안 끊키니 
너~무 잘쓰고 있습니다!",5.9.1,0,0,9
858266085,지니뮤직 - genie,434,12962258007,딘뜨,https://itunes.apple.com/kr/reviews/id496325747,2025-08-01,2025-08-01 18:24:10,1,앱 켜면 뜨는 안내팝업좀,작작 좀 나오게 해주세요 너무 자주떠서 진짜 성가셔요~~!!! 지니뮤직만 꾸준히 쓰는중인데 이런 안내팝업 뜰 때마다 좀 안쓰고 싶어져요,5.9.1,1,1,9
858266085,지니뮤직 - genie,435,12941277684,드래곤플라이도엄연한드래곤아닌가요,https://itunes.apple.com/kr/reviews/id1509690796,2025-07-27,2025-07-27 14:08:35,5,재생목록 중복 곡 담는 법을 모르겠어요,스밍하려고 지니뮤직 깐 사람인데 스밍하면 중복 곡을 넣어야 하잖아요 그런데 설정에 가도 중복 곡 제외만 보이고.. 다른건 안보여요 그 외 다른건 진짜 백점 만점에 백점!!,5.9.1,0,0,9
858266085,지니뮤직 - genie,436,12934934686,흫흐ㅡㅎ,https://itunes.apple.com/kr/reviews/id1440897481,2025-07-25,2025-07-25 23:20:01,4,재생 오류,끊김 없는 재생 기능이 켜져있는데도 다음곡으로 안 넘어가고 마지막곡이라 뜨는데 왜 이러는 걸까요? ㅠㅠㅠㅠ,5.9.1,0,0,9
858266085,지니뮤직 - genie,437,12925878211,평국인,https://itunes.apple.com/kr/reviews/id1531030427,2025-07-23,2025-07-23 17:59:30,5,"소라,테리,졸우,챙,밀리언,밥풀,햄민이 등등 양갱 멤버들",양갱 재미있었다,5.9.1,0,0,9
858266085,지니뮤직 - genie,438,12918053576,리뷰평가좀하겠습돠,https://itunes.apple.com/kr/reviews/id1477048138,2025-07-21,2025-07-21 20:14:44,1,지니어플,몇년째 자주쓰는중인데 카플레이연결할때 가끔연결 안될때마다 어플들어가서 음악시작눌러야되는게 불편하네요 보니깐 이벤트 뭐 수신동의 그런거때문에 자동으로 시작안되는거였음 ㅡㅡ,5.9.1,0,0,9
858266085,지니뮤직 - genie,439,12915002597,욤깜,https://itunes.apple.com/kr/reviews/id1104737545,2025-07-21,2025-07-21 00:51:04,5,안들어가져요,몇년동안 잘쓰고있었는데 아예 안들어가지고 먹통이네요 ㅜㅠ,5.9.1,0,0,9
858266085,지니뮤직 - genie,440,12908403799,youresuh,https://itunes.apple.com/kr/reviews/id730878561,2025-07-19,2025-07-19 08:01:30,3,요청,잘 쓰고있어요. 다만 플레이리스트 공유 기능 추가됬으면 좋겠어요ㅠㅠㅠ,5.9.1,0,0,9
858266085,지니뮤직 - genie,441,12888523219,이히히히히힣,https://itunes.apple.com/kr/reviews/id194340087,2025-07-14,2025-07-14 08:16:56,1,드라이브 모드 갑자기 어디로 간거요,콘텐츠 다 맘에 안들어도 드라이브 모드 UI 편해서 지금까지 쓰는건데,5.9.1,0,0,9
858266085,지니뮤직 - genie,442,12886662407,아이폰12미니미니,https://itunes.apple.com/kr/reviews/id1276615475,2025-07-13,2025-07-13 21:51:27,1,아이폰 12미니,갑자기 일주일전부터 앱실행이 안되요,5.9.1,0,0,9
858266085,지니뮤직 - genie,443,12885132789,빈빈남매,https://itunes.apple.com/kr/reviews/id1131775759,2025-07-13,2025-07-13 11:28:29,3,⭐️⭐️⭐️,노래가 여러개가 있어 좋지만 1분밖에 듣지 못한다는게 서럽네요,5.9.1,0,0,9
858266085,지니뮤직 - genie,444,12879679668,Duseldlqslek,https://itunes.apple.com/kr/reviews/id582429823,2025-07-12,2025-07-12 01:04:25,2,해외 노래,다른건 다 괜찮은데..해외 노래가 많이 없는거 같아요..업데이트 좀 해주세요…UI디자인도 좀 업데이트가 됐음 합니다…너무 변화가 없는ㄱㅓ 같아요..ㅜㅜ,5.9.1,0,0,9
858266085,지니뮤직 - genie,445,12878450105,아쏘우웅,https://itunes.apple.com/kr/reviews/id291752893,2025-07-11,2025-07-11 18:29:46,1,배너광고안뜨게해주세요,자주 이용하는건 아니지만 들어갈때마다 프로모션광고배너뜨는게 귀찮네요 하루안보기해도 다음날또뜨고.. 한달간안보기그런게있음좋겠어요,5.9.1,1,1,9
858266085,지니뮤직 - genie,446,12877897686,이ㅣㅁ믜믜믜,https://itunes.apple.com/kr/reviews/id1159850169,2025-07-11,2025-07-11 14:33:12,5,실행이 안돼요..ㅜ,"폰 재부팅,어플 지웠다 깔아도 처음에 지니 로고만 뜨고 실행이 안돼요.. 오류 고쳐주세요 ㅜㅜ",5.9.1,0,0,9
858266085,지니뮤직 - genie,447,12877778473,gx_hii6,https://itunes.apple.com/kr/reviews/id1807711133,2025-07-11,2025-07-11 13:40:54,2,굳이 써야하나..?,"핸드폰 바꿔서 혜택으로 지니뮤직 이용권잇길래 써봣는데 한달쓰니까 다음곡 재생 못한다고 하고, 노래가 계속 끊기면서 들리는거 빼면 괜찮은데
그거 빼면 뭐가 좋은지 잘 모르겟어요",5.9.1,0,0,9
858266085,지니뮤직 - genie,448,12862895205,나라아파를,https://itunes.apple.com/kr/reviews/id1747192608,2025-07-07,2025-07-07 20:53:14,5,넘 최고예요!!!!💓,"제가 써보니 너무 편해요!!!
불편한것도 하나도 없어요!!!💕",5.9.1,0,0,9
858266085,지니뮤직 - genie,449,12847936722,이ㅣ잉ㅇㅍ어너조창,https://itunes.apple.com/kr/reviews/id1637530607,2025-07-04,2025-07-04 00:27:44,1,좀많이별로에유,"그냥 네이버멤버십가입해서쓰고잇는데

최신음악에서 차트 사이 스크롤하면 너무 미끄러지듯이 내려가서 최신음악 안보이고
음악 들을때 가수 이름 터치해도 가수 홈?으로 안가지고… 플레이리스트 만들기도 불편하고
뮤직허그 친목도 좀 잡아요;; 들어가면 지들끼리 얘기하겟다고 강퇴함
그냥 다 너무 별로임 그냥 멜론결제할까 생각중",5.9.1,0,0,9
858266085,지니뮤직 - genie,450,12843626534,ㅇㅇㅇ11177,https://itunes.apple.com/kr/reviews/id1777370042,2025-07-02,2025-07-02 23:33:33,1,노래 추가좀,없는게 너무 많아요,5.9.1,0,0,9
858266085,지니뮤직 - genie,451,12835589784,꿈꾸는 청춘,https://itunes.apple.com/kr/reviews/id154811594,2025-07-01,2025-07-01 00:26:53,1,페이스북 로그인!!!,"페이스북 로그인 오류 언제 정상화되나요???
시간은 쭉쭉 흐르는데 ㅜㅜ
십년넘게 쓰고 있는데 하-😱",5.9.1,0,0,10
858266085,지니뮤직 - genie,452,12829280041,시곗바늘1,https://itunes.apple.com/kr/reviews/id1095045949,2025-06-29,2025-06-29 09:15:13,1,선택 반복 듣기,한 곡만 계속 듣고 싶을 때가 있는데 선택 반복 듣기 기능이 없으니까 노래 끝날 때마다 뒤로 가기 누르는 게 많이 번거롭네요.,5.9.1,0,0,10
858266085,지니뮤직 - genie,453,12826056525,노래편식없어요,https://itunes.apple.com/kr/reviews/id1749576870,2025-06-28,2025-06-28 14:01:07,3,약 4년동안 사용하면서,"약 4년동안 사용했던 유저입니다 중간에 잠깐 유튜브뮤직도 써보기도하고 스포티파이도 써보기도 했는데 지니에서 제알 불편한 점이라면 곡의 다양성이 너무 적다는 점 입니다. 신곡 나오는 속도도 느리고 해외에서 꽤 유명한 가수등록,노래가 없다는 부분이 단점입니다. 
그 외로는 무난하게 좋은 것 같습니다 대신 노래 추천이나 자주 듣는 노래 장르 추천 이런 부분들이 더 보완되었으면 좋겠습니다.",5.9.1,0,0,10
858266085,지니뮤직 - genie,454,12810354714,돈낭비;;;,https://itunes.apple.com/kr/reviews/id1113791019,2025-06-24,2025-06-24 14:04:01,1,렉,요즘 따라 렉을 왤케 자주 먹지 이용권 해지 시켜버리고싶게,5.9.1,0,0,10
858266085,지니뮤직 - genie,455,12799350955,욤욤욤ㅁ,https://itunes.apple.com/kr/reviews/id1469376693,2025-06-21,2025-06-21 16:18:39,3,더 좋은데 진짜 제발 재생목록에 추가,"kt 할인도 있고 하늘색 좋아해서 오히려 좋아 하고 쓰고 있는데요 진짜 제발 ’재생목록에 추가‘ 기능을 곡 옆 3개점 누르면 바로 쓸 수 있게 해주세요 ㅠㅠ 별로 어렵지 않지 않나요 ㅠㅠ 제발요 진짜 제발ㅠㅠㅠㅠ 너무 기본적인 기능인데 무슨 곡정보 들어가서 하나하나 다 눌러야 하는게 ㅠㅠ 힝
그거 빼곤 다 잘 쓰고 있어용🙈😍",5.9.1,0,0,10
858266085,지니뮤직 - genie,456,12784247154,네네루 마시로,https://itunes.apple.com/kr/reviews/id1592223594,2025-06-17,2025-06-17 18:28:05,5,악플너무심하다,이거 악플 너무 심한거 아니에요?욕까지 하는데 좀 걸러주세요.,5.9.1,0,0,10
858266085,지니뮤직 - genie,457,12783315091,융공듀,https://itunes.apple.com/kr/reviews/id435697795,2025-06-17,2025-06-17 11:19:10,1,페이스북,페이스북 아이디 안되는것좀 어케 해주세요 진짜 안되면 아예 페이스북 아이디를 없애버리던가 전화하면 페이스북쪽애서 조치 취하고 있다고 기다리라고만 하고 장난하나,5.9.1,0,0,10
858266085,지니뮤직 - genie,458,12775240997,초5😊,https://itunes.apple.com/kr/reviews/id1612343344,2025-06-15,2025-06-15 09:09:32,5,너무너무 편하고 좋아요!,안녕하새연 엄마 계정으로 쓰고 있는 초 4입니다 노래 찾는것도 간편하고 응원댓도 달수있어서 너무 좋아영!앞으로 지니뮤직 사용자가 많아졌으면 좋겠어요!,5.9.1,0,0,10
858266085,지니뮤직 - genie,459,12752609176,디쥐씨,https://itunes.apple.com/kr/reviews/id231798235,2025-06-09,2025-06-09 11:24:11,5,위젯 재생목록도 선택할수 있게 추가해주세요,위젯 편집에서 좋아요 항목밖에 선택을 못해서 불편합니다. 재생목록에서 노래 저장해서 듣는 사람들은 위젯 기능 활용이 어렵습니다. 재생목록도 위젯에서 선택할수 있게 앱 수정해주시길,5.9.1,0,0,10
858266085,지니뮤직 - genie,460,12750392157,읽어주세요읽어주세요읽어주세요읽어주세요읽어주세요,https://itunes.apple.com/kr/reviews/id1695038180,2025-06-08,2025-06-08 22:28:17,1,다른거쓰세요,음악앱중에 제일 별로임 이거 쓸거면 차라리 다른거 사서 쓰세요; 뭔 이미지로 곡 등록 있어서 찍었더니 등록은 무슨 노래 뭔지 알아보지도 못하고 그냥 별로임 쓰지마세요;,5.9.1,0,0,10
858266085,지니뮤직 - genie,461,12745871739,헥잼이,https://itunes.apple.com/kr/reviews/id459435487,2025-06-07,2025-06-07 19:03:30,3,기능좀 업글해주세요,"1.아티스트차단 
2.노래 가사크기 조정 . .커지게해주세오",5.9.1,0,0,10
858266085,지니뮤직 - genie,462,12741478103,방낭낭,https://itunes.apple.com/kr/reviews/id1794682946,2025-06-06,2025-06-06 15:13:40,4,곡순서 마음대로 하게해주세요ㅂ ㅠ,이번에 업데이트 된거 너무 짜증나요 ㅠ 전에는 곡순서 마음대로 바꿀수 있어서 좋았는데 지금은 그냥 고정 되어있어서 바꿀수도 없고 그래서 바꾸는거 찾다가 순서 엉망이 되고 ㅠㅠ,5.9.1,0,0,10
858266085,지니뮤직 - genie,463,12713180994,lkghjjhdfybybimkm,https://itunes.apple.com/kr/reviews/id1452005677,2025-05-30,2025-05-30 06:52:45,3,끊김현상,잘 듣다가 갑자기 노래가 끊기네요,5.9.1,0,0,10
858266085,지니뮤직 - genie,464,12708299991,이천국,https://itunes.apple.com/kr/reviews/id169667078,2025-05-29,2025-05-29 01:01:18,5,혹시 불편한 사항 건의하면 업데이트 고려도 해주시나요?,"제가 플리를 여러개 만들어서 듣고있는데 플리가 너무 많다보니 하나하나 찾는게 너무 힘듭니다
혹시 my -> 플레이리스트 검색하기 기능 추가해주실 수 있으신가요?!",5.9.1,0,0,10
858266085,지니뮤직 - genie,465,12704641253,오개_,https://itunes.apple.com/kr/reviews/id176026054,2025-05-28,2025-05-28 01:30:15,3,기능이 불편해졌어요,"이전에는 재생목록에서 여러 곡을 선택해서 한 번에 위로/아래로 이동할 수 있었는데, 
언젠가 업데이트된 이후로 그 기능이 사라져서 재생목록 정리하기에 너무너무 불편해요. 제발 다시 만들어주시면 좋겠어요",5.9.1,0,0,10
858266085,지니뮤직 - genie,466,12694865146,익명이 씁니다,https://itunes.apple.com/kr/reviews/id1629314056,2025-05-25,2025-05-25 11:50:19,5,아니 진짜 좀 심각해요,아니 응원글 쓰는 곳에서 다른 사람들 불편하게 하는 사람들을 하나하나 그 글 읽은 사람들이 그 사람한테 뭐라고 할 게 아니라 관리자 분들이 자동으로 걸러주시면 좋을 것 같습니다. 사람들 다 한 마음 한 뜻으로 이야기 중인데 눈치없이 말하는 사람들만 보면 하루가 기분이 나빠집니다.,5.9.1,0,0,10
858266085,지니뮤직 - genie,467,12692496680,유정호유,https://itunes.apple.com/kr/reviews/id1604302969,2025-05-24,2025-05-24 22:18:26,3,노래 가사,외국어 가사 한글발음 써줘요 특히 일본노래,5.9.1,0,0,10
858266085,지니뮤직 - genie,468,12689774972,지니외길,https://itunes.apple.com/kr/reviews/id1315783800,2025-05-24,2025-05-24 04:47:50,2,선택곡 반복듣기 곡 추가 왜 사라졌나요,"선택곡만 반복듣기가 아예 플레이리스트 생성하는 것으로 바뀌고 난 후
그 지정곡들에 몇 곡만 추가하고 싶을 때
몇곡만 추가가 안되고 아예 다시 선택해야하네요",5.9.1,0,0,10
858266085,지니뮤직 - genie,469,12685135627,노어야,https://itunes.apple.com/kr/reviews/id1232789583,2025-05-23,2025-05-23 00:44:41,2,없는 음악이 너무 많아요,음악다양성이 가격대에 비해서 너무 떨어짐 지니뮤직은 월에 9900원에 없는음악이 너무 많은데 플로는 월에 7900원에 음악 왠만한건 다있음 유심 때문에 케이티로 바꿨는데 지니뮤직은 별로인것같음,5.9.1,0,0,10
858266085,지니뮤직 - genie,470,12674517755,숭그라,https://itunes.apple.com/kr/reviews/id474820392,2025-05-20,2025-05-20 03:37:19,3,처음 진입 시 광고,처음 진입시 이거 광고 못끄나요?,5.9.1,0,0,10
858266085,지니뮤직 - genie,471,12672913582,Wxy넣어달라고요,https://itunes.apple.com/kr/reviews/id1788359513,2025-05-19,2025-05-19 18:19:03,5,Wxy 넣어달라고요,Myra도 넣어주세요 제발,5.9.1,0,0,10
858266085,지니뮤직 - genie,472,12662556722,제발좀ㅠㅠㅠㅠ,https://itunes.apple.com/kr/reviews/id1498548418,2025-05-16,2025-05-16 23:21:28,2,let it down-Steelix 제발 추가해줘요,"let it down-Steelix 개띵곡인데 없어서 아쉬움 제발 추가해주세요 ㅈㅂㅈㅂㅈㅂㅈㅂㅈㅂㅈㅂㅈㅂㅈㅂ 슈바
글고 let's get married-Vedo 도요 ㅈㅂ 여기만 업어!!!!!!!!!!!",5.9.1,0,0,10
858266085,지니뮤직 - genie,473,12662319822,🦎🍃🦊,https://itunes.apple.com/kr/reviews/id1601629209,2025-05-16,2025-05-16 22:09:54,5,비추,그냥 이거 말고 멜*이나 바이* 깔으세요,5.9.1,0,0,10
858266085,지니뮤직 - genie,474,12661091681,위대한손반장,https://itunes.apple.com/kr/reviews/id625964743,2025-05-16,2025-05-16 13:26:00,5,진짜 오래 사용했지만 그만하려구요,"리뷰 같은거 진짜 안쓰지만 정말 오래 사용한 지니뮤직 요금제 끝나면 절대 안사용합니다 멜론,바이브,스포티파이,유튜브뮤직 하다못해 외국곡 많은 애플뮤직한테도 음질면,곡들,인터페이스,추천곡, 다 떨어져요 쓰레기에요 진짜 오랜 하나하나 모아온 플레이리스트 때문에 참았지만 플레이리스트에서 가수명 한글로 치면 안뜨는게 진짜 와...(예시) 피프티피프티X fifty O 이리 검색해야 나옴 와...진짜 구닥다리임
추천노래는 어떤 근거로 해주는지 진짜 너무너무너무너무너무 별로임 솔직히 음악 좋아하는 사람들 쓰는사람 없음 통신사 노예로 묶여있으니 아쉬워서 쓰는거지 정신들 제발 차려요 별점들 좀 보고",5.9.1,0,0,10
858266085,지니뮤직 - genie,475,12653086560,😮😵🥱🤥😶🫤😴🫤🤤🤤😵‍💫😮‍💨,https://itunes.apple.com/kr/reviews/id1741798043,2025-05-14,2025-05-14 07:39:03,1,너무 좋음,진짜로,5.9.1,0,0,10
858266085,지니뮤직 - genie,476,12643457507,아오러아미마넝,https://itunes.apple.com/kr/reviews/id457258541,2025-05-11,2025-05-11 16:37:40,3,업뎃후 너무 불편 ㅠㅠ,1.선택듣기 기능 업뎃후 너무 불편합니다. 원래는 수시로 선택듣기 목록에 새로운 곡 추가했다가 지우고를 할수 있었는데 지금은 선택듣기 목록 한번 생성되고 나서 새로운 곡을 또 추가하면 원래 목록 리셋되서 너무너무 불편합니다!!! 2. 재생목록에서 여러곡 선택후 위치이동 가능했는데 지금은 한번에 한곡밖에 안되사 불편해요!!!!,5.9.1,0,0,10
858266085,지니뮤직 - genie,477,12640417225,월요일이 싫은 1인,https://itunes.apple.com/kr/reviews/id1442641533,2025-05-10,2025-05-10 21:43:03,5,좋아요! 하지만…..,저는 지니뮤직을 2년째 사용하고 있는 유저인데… 다른 건 너무 좋은데 어떤 노래는 가사가 뜨지 않더라고요! 아예 가사가 등록이 안 되어 있어요! 가사가 등록 안되있는 노래가 있지만 제 친구가 갤럭시 폰을 쓰는데 거기에는 저 한테는 없는 가사가 있더라고요! 저는 제가 좋아하는 노래의 가사를 번역기로 해석해보거나 외우는데 가사가 없어서 불편했던 적이 있네요! 그리고 제가 가끔가다 들어서 좋은 노래가 있으면 당장 지니뮤직 플레이리스트에 넣어 놓는데… 없는 노래들이 좀 있네요! 특히 누가 리메이크를 한 노래들이요! 그래도 보통 노래들은 다 있고 좋아요! 이것만 개선 되면 진짜 최고일 것 같아요!!! 그럼 항상 좋은 노래 들려주셔서 감사합니다! 힘내세욥!!!!❤️❤️❤️,5.9.1,0,0,10
858266085,지니뮤직 - genie,478,12628487276,세포들아 일하자,https://itunes.apple.com/kr/reviews/id980236446,2025-05-07,2025-05-07 14:56:34,2,발전합시다,"멜X 믹스업 기능 추가해주세요 .. 제발요
유사곡 라디오 기능 사용해보면 진짜 전혀 유사하지 않은 곡만 나와서 못 쓰겠어요",5.9.1,0,0,10
858266085,지니뮤직 - genie,479,12622740113,히러러러,https://itunes.apple.com/kr/reviews/id1199151285,2025-05-06,2025-05-06 00:38:38,5,순서바꾸는거 예전처럼 해주세요,노래 여러개 선택해서 위치 바꿀 수 있었는데 지금은 안되서 너무 불편하네요.. 예전이 참 편했는데,5.9.1,0,0,10
858266085,지니뮤직 - genie,480,12616809304,라라베ㅔㅂ,https://itunes.apple.com/kr/reviews/id1527488065,2025-05-04,2025-05-04 11:22:56,4,좋아요,좋은데 노래 묶음을 틀면 첫번째만 제대로 나오고  다음은 이상한거 나오네요.,5.9.1,0,0,10
858266085,지니뮤직 - genie,481,12602044420,Tnsldlq,https://itunes.apple.com/kr/reviews/id558582505,2025-04-30,2025-04-30 16:45:31,1,노래 순서,노래 재생목록에서 순서 바꾸는거 왜 안돼요? 꾹 누르고 있으면 마음대로 비꿀 수 있었는데,5.9.1,0,0,10
858266085,지니뮤직 - genie,482,12601781756,styoung@,https://itunes.apple.com/kr/reviews/id1757641028,2025-04-30,2025-04-30 14:38:55,1,아니 돈 먹튀하지마,로그아웃을 한지가 몇달이지났는데 돈이 왜 나가냐고요 이거보시고 다시 입금하세요 아니 자동결제가 왜 되냐구요,5.9.1,0,0,10
858266085,지니뮤직 - genie,483,12599339301,xi1llid,https://itunes.apple.com/kr/reviews/id1489749895,2025-04-29,2025-04-29 22:45:23,5,6년차 유저인데...다 좋아요 좋은데,걍 ui 디자인이 너무 구려요 이제까지 만든 플레이리스트 엎고 다른 앱 갈아타기엔 귀찮아서 쓰긴하는데... 저번에 멜론도 대대적으로 ui 갈아엎은거 보고 부러웟어요 걍 ㅠ 하......스포티파이나 애플뮤직 얘네만큼까진 바라지도 않는데 위젯도 너무 구리고...하 걍 네...머 그래도 클래식해서 좋긴해요...뭐...그냥저냥 계속 쓰기엔 무리없어요 장기유저로써 아쉬운 마음에 리뷰써요...,5.9.1,0,0,10
858266085,지니뮤직 - genie,484,12598547595,리뷰할꺼임ㅁ,https://itunes.apple.com/kr/reviews/id1208983754,2025-04-29,2025-04-29 17:47:32,5,플리 셔플 재생기능추가,플리 셔플 재생기능 좀 ㅈㅂ 추가해주세여 ㅈㅂ,5.9.1,0,0,10
858266085,지니뮤직 - genie,485,12595899201,이러지마십쇼,https://itunes.apple.com/kr/reviews/id1233949853,2025-04-28,2025-04-28 23:33:17,2,어쩌자는거야ㅠ,ㅇㄴ 저기요 플리를 재생했는데 왜 순서가 뒤바뀌어서 나오는거죠?? 나만그런가?,5.9.1,0,0,10
858266085,지니뮤직 - genie,486,12593790906,몰라요 예 모른다고,https://itunes.apple.com/kr/reviews/id1781098865,2025-04-28,2025-04-28 08:34:18,1,ㅇ,아니 개빡치게 로그인을 하려고 비밀번호 알아내려고 하면 페이스북으로 가입했으니 그쪽 가서 해결해라 ㅇㅈㄹ해놓고 페이스북으로 로그인 하려고 하니까 앱 비활성화 돼 있다고만 하면 로그인은 어떻게 합니까?,5.9.1,0,0,10
858266085,지니뮤직 - genie,487,12591633440,한천,https://itunes.apple.com/kr/reviews/id245333984,2025-04-27,2025-04-27 20:22:27,5,타임머신 기능,안녕하세요 앱스토어에 거의 10년만에 리뷰 남겨보는데 지니 8년 이용자로서 피드백 두개만 드리려구요 원래 타임머신 기능이 있어서 몇년도 몇 월달에 가장 많이 들은 노래 기능이 있었는데 갑자기 사라졌더라구요 복구 되면 복구좀 부탁드립니다… 제 추억이 거기있어요ㅠㅠ 그리고 노래 창에서 원래 노래 한 번에 여러 개 선택해서 지울 수 있도록 노래 이름 옆에 동그라미가 있어서 그거 쭉 선택하면서 지울 수 잇었는데 갑자기 사라졌네요 그 두 개 부활좀 시켜주시면 감사드리겠습니다 제발요ㅠㅠㅠㅠㅠㅠㅠ,5.9.1,0,0,10
858266085,지니뮤직 - genie,488,12586895357,캐치미캐치유,https://itunes.apple.com/kr/reviews/id1767741689,2025-04-26,2025-04-26 14:05:19,1,앱이 진짜 이상해요,"다른 앱들은 자동랜덤재생 시 발라드 듣고 있었으면 발라드가 자동으로 나오는데 얘는 제가 김동률 노래 듣고 있었어도, 딱 한 번 밖에 안 틀었던 에스파 신곡을 무한재생합니더",5.9.1,0,0,10
858266085,지니뮤직 - genie,489,12585987831,홍콩소녀 ㅎㅎㅎ,https://itunes.apple.com/kr/reviews/id290784421,2025-04-26,2025-04-26 07:48:56,3,앱 열면 자동재생 되게하는 방법,알려주세요,5.9.1,0,0,10
858266085,지니뮤직 - genie,490,12561033810,하낳엏넣너넌,https://itunes.apple.com/kr/reviews/id560929565,2025-04-19,2025-04-19 18:29:00,4,끈김현상,"어플을 삭제하고 다시 받고 로그인 하고 몇번을 시도 하였으나 계속 끈김현상이 있습니다. 
한두번이여야지 계속 이러니 짜증나네요
끈김현상좀 잡아주세요",5.9.1,0,0,10
858266085,지니뮤직 - genie,491,12560191565,wmawlcojwbx,https://itunes.apple.com/kr/reviews/id1569271057,2025-04-19,2025-04-19 12:34:03,1,와 진짜 렉이,렉이 너무 많이 걸려요 언젠가부터 그냥 터치만 해도 걸리고.. 인터넷 문제는 절대 아니고 앱의 문제예요 돈 내고 쓰는데 하루에 몇 번씩 그러니 미치겠어요,5.9.1,0,0,10
858266085,지니뮤직 - genie,492,12558593183,면왕,https://itunes.apple.com/kr/reviews/id1074826291,2025-04-19,2025-04-19 02:31:14,1,지니탈퇴,참 별로인 군대에서 쓰고 귀찮아서 지금까지 쓰다 갈아탑니다,5.9.1,0,0,10
858266085,지니뮤직 - genie,493,12558397126,오인다,https://itunes.apple.com/kr/reviews/id1724440130,2025-04-19,2025-04-19 01:32:12,4,정검을 뭐이리 길게합니까,24시간카페인데  음악못틀고있네요,5.9.1,0,0,10
858266085,지니뮤직 - genie,494,12549133096,맘에안들면리뷰남김,https://itunes.apple.com/kr/reviews/id1138240689,2025-04-16,2025-04-16 17:42:40,1,개별로,리뷰 웬만해선 안남기는데 빠른 선곡 노래 선곡 진짜 개쳐별로임 최악임 맨 첫 표지 때문에 눌렀더니 내가 고른 첫곡 빼고 다음곡부터 듣보 노래에 수록곡 넣고 표지랑 연관도 전혀 없는 노래 나옴 너진짜 너무 황당함 통신사 때문에 쓰고있는데 모든 음악 앱 통틀어서 최악임 그래서 요금제 바꿀거임 ㅠㅠㅠ 최악의앱,5.9.1,0,0,10
858266085,지니뮤직 - genie,495,12533004575,이름있다가없다가,https://itunes.apple.com/kr/reviews/id1518713572,2025-04-12,2025-04-12 14:41:01,1,돈,제가 이걸 계속 사용을 하다가 유튜브 프리미엄? 그걸로 넘어가고 지니뮤직을 해제를 했는데 묘달동안 계속 돈이 나갑니다 앱에 다시 들어와서 이게 해제가 되어 있는지 봤는데 되어 있는거에요 그래서 그냥 귀찮기도 하고 한번 확인을 해 봤으니깐 넘어갔는데 또또 그 다음달에 돈이 나가는거에요 그래서 확인을 했는데? 해제가 되어 있는겁니다 그래서 혹시 몰라 앱을 삭제까지 하고 했는데도 또 그 다음달에 돈이 나감씁니다 이거 어떻게 해야되는겁니까?,5.9.1,0,0,10
858266085,지니뮤직 - genie,496,12521737305,사람1111,https://itunes.apple.com/kr/reviews/id1351669027,2025-04-09,2025-04-09 18:16:11,2,패드 쓰는데요 페이스북 계정으로 로그인 안돼요,로그인이 안됩니다,5.9.1,0,0,10
858266085,지니뮤직 - genie,497,12521271962,마일즈모랄레스,https://itunes.apple.com/kr/reviews/id1126304575,2025-04-09,2025-04-09 14:44:13,4,노래순서랜덤재생기능좀만들어주세요,그거빼고다좋아요!,5.9.1,0,0,10
858266085,지니뮤직 - genie,498,12516709621,서린꽃,https://itunes.apple.com/kr/reviews/id398307780,2025-04-08,2025-04-08 09:54:42,3,노래가 한 곡 재생되고 끝나면 다음 곡 재생 안 됨,요즘따라 계속 한 곡이 끝나면 재생 아이콘은 뜨는데 노래가 안 나옴;;,5.9.1,0,0,10
858266085,지니뮤직 - genie,499,12501807662,정덕균,https://itunes.apple.com/kr/reviews/id1584083444,2025-04-04,2025-04-04 18:11:07,1,드라이브모드 어디감??,"말도없이 없애놨네 
운전모드없으면 음질도 안좋은 지니뮤직을 쓸 이유가없는데..
애플뮤직으로 갑니다",5.9.1,0,0,10
858266085,지니뮤직 - genie,500,12496559557,단축어기능,https://itunes.apple.com/kr/reviews/id673024970,2025-04-03,2025-04-03 09:14:24,1,아이폰 단축어 기능,자동 재생목록 재생을 단축어 기능으로 잘 사용하고 있었는데 이번에 업뎃하시면서 기능을 삭제하신 건가요? 사용이 안됩니다,5.9.1,0,0,10
